Constituency,Region,Con,Lab,UKIP,LD,SNP,Grn,DUP,PC,SF,UUP,SDLP,Alliance,Ind,Spk,Others,ValidVotes,WinningParty,SecondPlace,WinningVotes,SecondPlaceVotes,WinningPct,Majority,MajorityPct,TurnoutPct2015,RemainPct,LeavePct,LeaveMajority,2017_winner
Aberavon,Wales,3742,15416,4971,1397,,711,,3663,,,,,1137,,486,31523,Labour,UKIP,15416,4971,48.9,10445,33.13,63.3,40.1,59.9,19.8,Labour
Aberconwy,Wales,12513,8514,3467,1391,,727,,3536,,,,,,,,30148,Conservative,Labour,12513,8514,39.69,3999,13.26,66.2,46.7,53.3,6.6,Conservative
Aberdeen North,Scotland,5304,11397,,2050,24793,,,,,,,,,,392,43936,SNP,Labour,24793,11397,56.43,13396,30.49,64.9,57,43,-14,SNP
Aberdeen South,Scotland,11087,12991,897,2252,20221,964,,,,,,,139,,,48551,SNP,Labour,20221,12991,41.65,7230,14.89,71.3,67.7,32.3,-35.4,Conservative
Airdrie and Shotts,Scotland,3389,15108,1088,678,23887,,,,,,,,136,,,44286,SNP,Labour,23887,15108,53.94,8779,19.82,66.4,60,40,-20,SNP
Aldershot,South East England,23369,8468,8253,4076,,2025,,,,,,,,,,46191,Conservative,Labour,23369,8468,50.59,14901,32.26,63.8,41.8,58.2,16.4,Conservative
Aldridge-Brownhills,West Midlands,20558,8835,7751,1330,,826,,,,,,,,,197,39497,Conservative,Labour,20558,8835,52.05,11723,29.68,65.6,32.2,67.8,35.6,Conservative
Altrincham and Sale West,North West England,26771,13481,4047,4235,,1983,,,,,,,,,,50517,Conservative,Labour,26771,13481,52.99,13290,26.31,70.2,61.6,38.4,-23.2,Conservative
Alyn and Deeside,Wales,13197,16540,7260,1733,,976,,1608,,,,,,,,41314,Labour,Conservative,16540,13197,40.03,3343,8.09,66.6,42.3,57.7,15.4,Labour
Amber Valley,East Midlands,20106,15901,7263,1360,,1087,,,,,,,,,,45717,Conservative,Labour,20106,15901,43.98,4205,9.2,65.1,34.7,65.3,30.6,Conservative
Angus,Scotland,12900,3919,1355,1216,24130,965,,,,,,,,,,44485,SNP,Conservative,24130,12900,54.24,11230,25.24,67.6,51.9,48.1,-3.8,Conservative
Arfon,Wales,3521,8122,2277,718,,,,11790,,,,,,,409,26837,Plaid Cymru,Labour,11790,8122,43.93,3668,13.67,66.3,65.1,34.9,-30.2,Plaid Cymru
Argyll and Bute,Scotland,7733,5394,1311,14486,22959,,,,,,,,,,,51883,SNP,Liberal Democrat,22959,14486,44.25,8473,16.33,75.3,60.6,39.4,-21.2,SNP
Arundel and South Downs,South East England,34331,6324,8154,4062,,3606,,,,,,,,,,56477,Conservative,UKIP,34331,8154,60.79,26177,46.35,73.1,49.4,50.6,1.2,Conservative
Ashfield,East Midlands,10628,19448,10150,7030,,,,,,,,,,,153,47409,Labour,Conservative,19448,10628,41.02,8820,18.6,61.5,29.5,70.5,41,Labour
Ashford,South East England,30094,10580,10798,3433,,2467,,,,,,,,,,57372,Conservative,UKIP,30094,10798,52.45,19296,33.63,67.3,40.5,59.5,19,Conservative
Ashton-under-Lyne,North West England,8610,19366,8468,943,,1531,,,,,,,,,,38918,Labour,Conservative,19366,8610,49.76,10756,27.64,57.5,38.2,61.8,23.6,Labour
Aylesbury,South East England,28083,8391,10925,5885,,2135,,,,,,,,,,55419,Conservative,UKIP,28083,10925,50.67,17158,30.96,68.7,47.9,52.1,4.2,Conservative
"Ayr, Carrick and Cumnock",Scotland,10355,14227,1280,855,25492,,,,,,,,,,,52209,SNP,Labour,25492,14227,48.83,11265,21.58,71.5,57.1,42.9,-14.2,Conservative
Banbury,South East England,30749,12354,8050,3440,,2686,,,,,,,,,729,58008,Conservative,Labour,30749,12354,53.01,18395,31.71,65.6,49.5,50.5,1,Conservative
Banff and Buchan,Scotland,13148,2647,,2347,27487,,,,,,,,,,,45629,SNP,Conservative,27487,13148,60.24,14339,31.43,,46,54,8,Conservative
Barking,London,7019,24826,9554,562,,879,,,,,,,,,183,43023,Labour,UKIP,24826,9554,57.7,15272,35.5,,39.7,60.3,20.6,Labour
Barnsley Central,Yorkshire and the Humber,5485,20376,7941,770,,938,,,,,,,,,1050,36560,Labour,UKIP,20376,7941,55.73,12435,34.01,,31.7,68.3,36.6,Labour
Barnsley East,Yorkshire and the Humber,5622,21079,9045,1217,,,,,,,,,,,1554,38517,Labour,UKIP,21079,9045,54.73,12034,31.24,,29.3,70.7,41.4,Labour
Barrow and Furness,Yorkshire and the Humber,17525,18320,5070,1169,,1061,,,,,,,130,,,43275,Labour,Conservative,18320,17525,42.33,795,1.84,,43.3,56.7,13.4,Labour
Basildon and Billericay,East of England,22668,10186,8538,1636,,,,,,,,,,,,43028,Conservative,Labour,22668,10186,52.68,12482,29.01,,33.1,66.9,33.8,Conservative
Basingstoke,South East England,25769,14706,8290,3919,,,,,,,,,392,,,53076,Conservative,Labour,25769,14706,48.55,11063,20.84,,46.4,53.6,7.2,Conservative
Bassetlaw,East Midlands,15122,23965,7865,1331,,1006,,,,,,,,,,49289,Labour,Conservative,23965,15122,48.62,8843,17.94,,31.7,68.3,36.6,Labour
Bath,South West England,17833,6216,2922,14000,,5634,,,,,,,499,,63,47167,Conservative,Liberal Democrat,17833,14000,37.81,3833,8.13,,68.4,31.6,-36.8,Liberal Democrat
Batley and Spen,Yorkshire and the Humber,15769,21826,9080,2396,,1232,,,,,,,,,176,50479,Labour,Conservative,21826,15769,43.24,6057,12,,39.7,60.3,20.6,Labour
Battersea,London,26730,18792,1586,2241,,1682,,,,,,,,,,51031,Conservative,Labour,26730,18792,52.38,7938,15.56,,77,23,-54,Labour
Beaconsfield,South East England,33621,6074,7310,3927,,2231,,,,,,,,,,53163,Conservative,UKIP,33621,7310,63.24,26311,49.49,,50.8,49.2,-1.6,Conservative
Beckenham,London,27955,9484,6108,3378,,1878,,,,,,,,,,48803,Conservative,Labour,27955,9484,57.28,18471,37.85,,51.6,48.4,-3.2,Conservative
Bedford,East of England,19625,18528,4434,1958,,1412,,,,,,,129,,,46086,Conservative,Labour,19625,18528,42.58,1097,2.38,,48.1,51.9,3.8,Labour
Belfast East,Northern Ireland,1121,,,,,1058,19575,,823,,127,16978,,,,39682,Democratic Unionist,Alliance,19575,16978,49.3,2597,6.54,62.8,48.6,51.4,2.8,Democratic Unionist
Belfast North,Northern Ireland,,,,,,,19096,,13770,,3338,2941,529,,919,40593,Democratic Unionist,Sinn Fein,19096,13770,47,5326,13.12,59.2,50.4,49.6,-0.8,Democratic Unionist
Belfast South,Northern Ireland,582,,1900,,,2238,8654,,5402,3549,9560,6711,,,361,38957,SDLP,Democratic Unionist,9560,8654,24.5,906,2.33,60,69.5,30.5,-39,Democratic Unionist
Belfast West,Northern Ireland,34,,765,,,,2773,,19163,1088,3475,636,,,7395,35329,Sinn Fein,Others,19163,7395,54.2,11768,33.31,56.3,74.1,25.9,-48.2,Sinn Fein
Bermondsey and Old Southwark,London,6051,22146,3254,17657,,2023,,,,,,,,,293,51424,Labour,Liberal Democrat,22146,17657,43.06,4489,8.73,,73,27,-46,Labour
Berwick-upon-Tweed,North East England,16603,6042,4513,11689,,1488,,,,,,,,,88,40423,Conservative,Liberal Democrat,16603,11689,41.07,4914,12.16,,44.5,55.5,11,Conservative
"Berwickshire, Roxburgh and Selkirk",Scotland,19817,2700,1316,10294,20145,631,,,,,,,,,135,55038,SNP,Conservative,20145,19817,36.6,328,0.6,,56.8,43.2,-13.6,Conservative
Bethnal Green and Bow,London,8070,32387,3219,2395,,4906,,,,,,,,,1947,52924,Labour,Conservative,32387,8070,61.19,24317,45.95,,69.1,30.9,-38.2,Labour
Beverley and Holderness,Yorkshire and the Humber,25363,13160,8794,2900,,1802,,,,,,,,,658,52677,Conservative,Labour,25363,13160,48.14,12203,23.17,,41.3,58.7,17.4,Conservative
Bexhill and Battle,South East England,30245,7797,10170,4199,,2807,,,,,,,,,,55218,Conservative,UKIP,30245,10170,54.77,20075,36.36,,42.4,57.6,15.2,Conservative
Bexleyheath and Crayford,London,20643,11451,9182,1308,,950,,,,,,,,,151,43685,Conservative,Labour,20643,11451,47.25,9192,21.04,,35,65,30,Conservative
Birkenhead,North West England,5816,26468,3838,1396,,1626,,,,,,,,,,39144,Labour,Conservative,26468,5816,67.62,20652,52.76,,48.3,51.7,3.4,Labour
Birmingham Edgbaston,West Midlands,15812,18518,4154,1184,,1371,,,,,,,91,,163,41293,Labour,Conservative,18518,15812,44.85,2706,6.55,,52.7,47.3,-5.4,Labour
Birmingham Erdington,West Midlands,10695,15824,6040,965,,948,,,,,,,,,212,34684,Labour,Conservative,15824,10695,45.62,5129,14.79,,37,63,26,Labour
Birmingham Hall Green,West Midlands,8329,28147,2131,5459,,2200,,,,,,,,,780,47046,Labour,Conservative,28147,8329,59.83,19818,42.12,,66.4,33.6,-32.8,Labour
Birmingham Hodge Hill,West Midlands,4707,28069,4651,2624,,835,,,,,,,,,153,41039,Labour,Conservative,28069,4707,68.4,23362,56.93,,48.5,51.5,3,Labour
Birmingham Ladywood,West Midlands,4576,26444,1805,1374,,1501,,,,,,,,,216,35916,Labour,Conservative,26444,4576,73.63,21868,60.89,,64.4,35.6,-28.8,Labour
Birmingham Northfield,West Midlands,15164,17673,7106,1349,,1169,,,,,,,,,,42461,Labour,Conservative,17673,15164,41.62,2509,5.91,,38.2,61.8,23.6,Labour
Birmingham Perry Barr,West Midlands,8869,23697,5032,2001,,1330,,,,,,,,,331,41260,Labour,Conservative,23697,8869,57.43,14828,35.94,,48.8,51.2,2.4,Labour
Birmingham Selly Oak,West Midlands,13137,21584,5755,2517,,2301,,,,,,,,,,45294,Labour,Conservative,21584,13137,47.65,8447,18.65,,53.1,46.9,-6.2,Labour
Birmingham Yardley,West Midlands,5760,17129,6637,10534,,698,,,,,,,,,393,41151,Labour,Liberal Democrat,17129,10534,41.62,6595,16.03,,39.9,60.1,20.2,Labour
Bishop Auckland,North East England,12799,16307,7015,1723,,1545,,,,,,,,,,39389,Labour,Conservative,16307,12799,41.4,3508,8.91,,39.4,60.6,21.2,Labour
Blackburn,North West England,12002,24762,6280,955,,,,,,,,,,,,43999,Labour,Conservative,24762,12002,56.28,12760,29,,46.3,53.7,7.4,Labour
Blackley and Broughton,North West England,5581,22982,6108,874,,1567,,,,,,,,,,37112,Labour,UKIP,22982,6108,61.93,16874,45.47,,48.7,51.3,2.6,Labour
Blackpool North and Cleveleys,North West England,17508,14168,5823,948,,889,,,,,,,,,57,39393,Conservative,Labour,17508,14168,44.44,3340,8.48,,33.2,66.8,33.6,Conservative
Blackpool South,North West England,10963,13548,5613,743,,841,,,,,,,728,,,32436,Labour,Conservative,13548,10963,41.77,2585,7.97,,32.2,67.8,35.6,Labour
Blaenau Gwent,Wales,3419,18380,5677,620,,738,,2849,,,,,,,,31683,Labour,UKIP,18380,5677,58.01,12703,40.09,,38,62,24,Labour
Blaydon,North East England,7838,22090,7863,5497,,1648,,,,,,,,,,44936,Labour,UKIP,22090,7863,49.16,14227,31.66,,43.7,56.3,12.6,Labour
Blyth Valley,North East England,8346,17813,8584,2265,,1453,,,,,,,,,,38461,Labour,UKIP,17813,8584,46.31,9229,24,,40.2,59.8,19.6,Labour
Bognor Regis and Littlehampton,South East England,24185,6508,10241,4240,,1942,,,,,,,,,,47116,Conservative,UKIP,24185,10241,51.33,13944,29.6,,35.8,64.2,28.4,Conservative
Bolsover,East Midlands,10764,22542,9228,1464,,,,,,,,,,,,43998,Labour,Conservative,22542,10764,51.23,11778,26.77,,29.8,70.2,40.4,Labour
Bolton North East,North West England,14164,18541,8117,1236,,1103,,,,,,,,,,43161,Labour,Conservative,18541,14164,42.96,4377,10.14,,42.3,57.7,15.4,Labour
Bolton South East,North West England,8289,20555,9627,1072,,1200,,,,,,,,,,40743,Labour,UKIP,20555,9627,50.45,10928,26.82,,36.6,63.4,26.8,Labour
Bolton West,North West England,19744,18943,7428,1947,,,,,,,,,321,,209,48592,Conservative,Labour,19744,18943,40.63,801,1.65,,44.5,55.5,11,Conservative
Bootle,North West England,3639,33619,4915,978,,1501,,,,,,,,,500,45152,Labour,UKIP,33619,4915,74.46,28704,63.57,,45.2,54.8,9.6,Labour
Boston and Skegness,East Midlands,18981,7142,14645,1015,,800,,,,,,,170,,586,43339,Conservative,UKIP,18981,14645,43.8,4336,10,,25.1,74.9,49.8,Conservative
Bosworth,East Midlands,22939,9354,9338,11951,,,,,,,,,,,,53582,Conservative,Liberal Democrat,22939,11951,42.81,10988,20.51,67,39.3,60.7,21.4,Conservative
Bournemouth East,South West England,22060,7448,7401,3752,,3263,,,,,,,,,903,44827,Conservative,Labour,22060,7448,49.21,14612,32.6,,46.5,53.5,7,Conservative
Bournemouth West,South West England,20155,7386,7745,3281,,3107,,,,,,,,,99,41773,Conservative,UKIP,20155,7745,48.25,12410,29.71,,42.2,57.8,15.6,Conservative
Bracknell,South East England,29606,8956,8339,3983,,2202,,,,,,,,,,53086,Conservative,Labour,29606,8956,55.77,20650,38.9,,46.8,53.2,6.4,Conservative
Bradford East,Yorkshire and the Humber,4682,19312,4103,12228,,871,,,,,,,,,210,41406,Labour,Liberal Democrat,19312,12228,46.64,7084,17.11,,44.8,55.2,10.4,Labour
Bradford South,Yorkshire and the Humber,9878,16328,9057,1094,,1243,,,,,,,,,,37600,Labour,Conservative,16328,9878,43.43,6450,17.15,,36.5,63.5,27,Labour
Bradford West,Yorkshire and the Humber,6160,19977,3140,1173,,1085,,,,,,,100,,8655,40290,Labour,Others,19977,8655,49.58,11322,28.1,,53.3,46.7,-6.6,Labour
Braintree,East of England,27071,9296,9461,2488,,1564,,,,,,,295,,108,50283,Conservative,UKIP,27071,9461,53.84,17610,35.02,,38.6,61.4,22.8,Conservative
Brecon and Radnorshire,Wales,16453,5904,3338,11351,,1261,,1767,,,,,,,,40074,Conservative,Liberal Democrat,16453,11351,41.06,5102,12.73,,48.3,51.7,3.4,Conservative
Brent Central,London,9567,29216,1850,3937,,1912,,,,,,,145,,405,47032,Labour,Conservative,29216,9567,62.12,19649,41.78,,57.1,42.9,-14.2,Labour
Brent North,London,17517,28351,2024,2607,,1539,,,,,,,197,,,52235,Labour,Conservative,28351,17517,54.28,10834,20.74,,57,43,-14,Labour
Brentford and Isleworth,London,24631,25096,3203,2305,,2120,,,,,,,,,,57355,Labour,Conservative,25096,24631,43.76,465,0.81,,56.7,43.3,-13.4,Labour
Brentwood and Ongar,East of England,30534,6492,8724,4577,,1397,,,,,,,,,173,51897,Conservative,UKIP,30534,8724,58.84,21810,42.03,,39.2,60.8,21.6,Conservative
Bridgend,Wales,12697,14624,5911,1648,,736,,2784,,,,,763,,290,39453,Labour,Conservative,14624,12697,37.07,1927,4.88,,50.4,49.6,-0.8,Labour
Bridgwater and Somerset West,South West England,25020,9589,10437,6765,,2636,,,,,,,,,,54447,Conservative,UKIP,25020,10437,45.95,14583,26.78,,37.9,62.1,24.2,Conservative
Brigg and Goole,Yorkshire and the Humber,22946,11770,6694,764,,915,,,,,,,153,,28,43270,Conservative,Labour,22946,11770,53.03,11176,25.83,,33.8,66.2,32.4,Conservative
Brighton Kemptown,South East England,18428,17738,4446,1365,,3187,,,,,,,69,,73,45306,Conservative,Labour,18428,17738,40.67,690,1.52,,57.6,43.4,-14.2,Labour
Brighton Pavilion,South East England,12448,14904,2724,1525,,22871,,,,,,,116,,88,54676,Green,Labour,22871,14904,41.83,7967,14.57,,73.4,26.6,-46.8,Green
Bristol East,South West England,14168,18148,7152,2689,,3827,,,,,,,,,229,46213,Labour,Conservative,18148,14168,39.27,3980,8.61,,53.2,46.8,-6.4,Labour
Bristol North West,South West England,22767,17823,4889,3214,,2952,,,,,,,,,160,51805,Conservative,Labour,22767,17823,43.95,4944,9.54,,58.4,41.6,-16.8,Labour
Bristol South,South West England,12377,19505,8381,4416,,5861,,,,,,,,,302,50842,Labour,Conservative,19505,12377,38.36,7128,14.02,,52.9,47.1,-5.8,Labour
Bristol West,South West England,9752,22900,1940,12103,,17227,,,,,,,,,296,64218,Labour,Green,22900,17227,35.66,5673,8.83,,79.3,20.7,-58.6,Labour
Broadland,East of England,26808,9970,8881,5178,,2252,,,,,,,,,,53089,Conservative,Labour,26808,9970,50.5,16838,31.72,,46,54,8,Conservative
Bromley and Chislehurst,London,23343,9779,6285,2836,,1823,,,,,,,,,,44066,Conservative,Labour,23343,9779,52.97,13564,30.78,,50.2,49.8,-0.4,Conservative
Bromsgrove,West Midlands,28133,11604,8163,2616,,1729,,,,,,,,,,52245,Conservative,Labour,28133,11604,53.85,16529,31.64,,44.6,55.4,10.8,Conservative
Broxbourne,East of England,25797,8470,9074,1467,,1216,,,,,,,,,,46024,Conservative,UKIP,25797,9074,56.05,16723,36.34,,34.2,65.8,31.6,Conservative
Broxtowe,East Midlands,24163,19876,5674,2120,,1544,,,,,,,,,63,53440,Conservative,Labour,24163,19876,45.22,4287,8.02,,47.6,52.4,4.8,Conservative
Buckingham,South East England,,,11675,,,7400,,,,,,,,34617,,53692,Speaker,UKIP,34617,11675,64.47,22942,42.73,,51.4,48.6,-2.8,Speaker
Burnley,North West England,5374,14951,6864,11707,,850,,,,,,,,,,39746,Labour,Liberal Democrat,14951,11707,37.62,3244,8.16,,33.4,66.6,33.2,Labour
Burton,West Midlands,24736,13484,8658,1232,,1224,,,,,,,,,,49334,Conservative,Labour,24736,13484,50.14,11252,22.81,,35.4,64.6,29.2,Conservative
Bury North,North West England,18970,18592,5595,932,,1141,,,,,,,,,,45230,Conservative,Labour,18970,18592,41.94,378,0.84,,46.4,53.6,7.2,Labour
Bury South,North West England,16350,21272,6299,1690,,1434,,,,,,,,,170,47215,Labour,Conservative,21272,16350,45.05,4922,10.42,,45.5,54.5,9,Labour
Bury St Edmunds,East of England,31815,10514,8739,3581,,4692,,,,,,,,,,59341,Conservative,Labour,31815,10514,53.61,21301,35.9,,46.3,53.7,7.4,Conservative
Caerphilly,Wales,6683,17864,7791,935,,937,,5895,,,,,,,178,40283,Labour,UKIP,17864,7791,44.35,10073,25.01,,44.9,55.1,10.2,Labour
"Caithness, Sutherland and Easter Ross",Scotland,2326,3061,981,11987,15831,,,,,,,,,,,34186,SNP,Liberal Democrat,15831,11987,46.31,3844,11.24,,50.6,49.4,-1.2,Liberal Democrat
Calder Valley,Yorkshire and the Humber,23354,18927,5950,2666,,2090,,,,,,,,,554,53541,Conservative,Labour,23354,18927,43.62,4427,8.27,,46.8,53.2,6.4,Conservative
Camberwell and Peckham,London,6790,32614,2413,2580,,5187,,,,,,,,,1977,51561,Labour,Conservative,32614,6790,63.25,25824,50.08,,69.9,30.1,-39.8,Labour
Camborne and Redruth,South West England,18452,11448,6776,5687,,2608,,,,,,,,,897,45868,Conservative,Labour,18452,11448,40.23,7004,15.27,,37.3,62.7,25.4,Conservative
Cambridge,East of England,8117,18646,2668,18047,,4109,,,,,,,,,187,51774,Labour,Liberal Democrat,18646,18047,36.01,599,1.16,,73.8,26.2,-47.6,Labour
Cannock Chase,West Midlands,20811,15888,8224,1270,,906,,,,,,,,,,47099,Conservative,Labour,20811,15888,44.19,4923,10.45,,31.1,68.9,37.8,Conservative
Canterbury,South East England,22918,13120,7289,6227,,3746,,,,,,,,,165,53465,Conservative,Labour,22918,13120,42.87,9798,18.33,,54.7,45.3,-9.4,Labour
Cardiff Central,Wales,5674,15462,2499,10481,,2461,,1925,,,,,34,,110,38646,Labour,Liberal Democrat,15462,10481,40.01,4981,12.89,,69.7,30.3,-39.4,Labour
Cardiff North,Wales,21709,19572,3953,1953,,1254,,2301,,,,,,,409,51151,Conservative,Labour,21709,19572,42.44,2137,4.18,,60.9,39,-21.9,Labour
Cardiff South and Penarth,Wales,12513,19966,6423,2318,,1746,,3443,,,,,,,258,46667,Labour,Conservative,19966,12513,42.78,7453,15.97,,55.1,44.9,-10.2,Labour
Cardiff West,Wales,11014,17803,4923,2069,,1704,,6096,,,,,,,183,43792,Labour,Conservative,17803,11014,40.65,6789,15.5,,55.2,44.8,-10.4,Labour
Carlisle,North West England,18873,16099,5277,1087,,1125,,,,,,,126,,,42587,Conservative,Labour,18873,16099,44.32,2774,6.51,,39.6,60.4,20.8,Conservative
Carmarthen East and Dinefwr,Wales,8336,9541,4363,928,,1091,,15140,,,,,,,,39399,Plaid Cymru,Labour,15140,9541,38.43,5599,14.21,,46.3,53.7,7.4,Plaid Cymru
Carmarthen West and Pembrokeshire South,Wales,17626,11572,4698,963,,1290,,4201,,,,,,,,40350,Conservative,Labour,17626,11572,43.68,6054,15,,44.7,55.3,10.6,Conservative
Carshalton and Wallington,London,15093,7150,7049,16603,,1492,,,,,,,,,226,47613,Liberal Democrat,Conservative,16603,15093,34.87,1510,3.17,,43.7,56.3,12.6,Liberal Democrat
Castle Point,East of England,23112,6283,14178,801,,1076,,,,,,,,,,45450,Conservative,UKIP,23112,14178,50.85,8934,19.66,,27.3,72.7,45.4,Conservative
Central Ayrshire,Scotland,8803,13410,,917,26999,645,,,,,,,,,,50774,SNP,Labour,26999,13410,53.17,13589,26.76,72.6,57.8,42.2,-15.6,SNP
Central Devon,South West England,28436,6985,7171,6643,,4866,,,,,,,,,347,54448,Conservative,UKIP,28436,7171,52.2,21265,39.06,74.9,48.9,51.1,2.2,Conservative
Central Suffolk and North Ipswich,East of England,30317,10173,7459,3314,,2664,,,,,,,,,162,54089,Conservative,Labour,30317,10173,56.1,20144,37.24,68.7,45.6,54.4,8.8,Conservative
Ceredigion,Wales,4123,3615,3829,13414,,2088,,10347,,,,,,,,37416,Liberal Democrat,Plaid Cymru,13414,10347,35.85,3067,8.2,,54.6,45.4,-9.2,Plaid Cymru
Charnwood,East Midlands,28384,11453,8330,3605,,,,,,,,,,,489,52261,Conservative,Labour,28384,11453,54.31,16931,32.4,,41.8,58.2,16.4,Conservative
Chatham and Aylesford,South East England,21614,10159,8581,1360,,1101,,,,,,,,,258,43073,Conservative,Labour,21614,10159,50.18,11455,26.59,,35.3,64.7,29.4,Conservative
Cheadle,North West England,22889,8673,4423,16436,,,,,,,,,390,,284,53095,Conservative,Liberal Democrat,22889,16436,43.11,6453,12.15,,57.3,42.7,-14.6,Conservative
Chelmsford,East of England,27732,9482,7652,6394,,1892,,,,,,,,,665,53817,Conservative,Labour,27732,9482,51.53,18250,33.91,,49.5,50.5,1,Conservative
Chelsea and Fulham,London,25322,9300,2039,2091,,1474,,,,,,,,,,40226,Conservative,Labour,25322,9300,62.95,16022,39.83,,70.8,29.2,-41.6,Conservative
Cheltenham,South West England,24790,3902,3808,18274,,2689,,,,,,,272,,,53735,Conservative,Liberal Democrat,24790,18274,46.13,6516,12.13,,57.3,42.7,-14.6,Conservative
Chesham and Amersham,South East England,31138,6712,7218,4761,,2902,,,,,,,,,,52731,Conservative,UKIP,31138,7218,59.05,23920,45.36,,55,45,-10,Conservative
"Chester, City of",North West England,22025,22118,4148,2870,,,,,,,,,,,,51161,Labour,Conservative,22118,22025,43.23,93,0.18,,57.3,42.7,-14.6,Labour
Chesterfield,East Midlands,8231,21829,7523,6301,,1352,,,,,,,,,331,45567,Labour,Conservative,21829,8231,47.91,13598,29.84,,40.7,59.3,18.6,Labour
Chichester,South East England,32953,6933,8540,4865,,3742,,,,,,,,,106,57139,Conservative,UKIP,32953,8540,57.67,24413,42.73,,49.4,50.6,1.2,Conservative
Chingford and Woodford Green,London,20999,12613,5644,2400,,1854,,,,,,,,,294,43804,Conservative,Labour,20999,12613,47.94,8386,19.14,,50.8,49.2,-1.6,Conservative
Chippenham,South West England,26354,4561,5884,16278,,2330,,,,,,,,,,55407,Conservative,Liberal Democrat,26354,16278,47.56,10076,18.19,,47.7,52.3,4.6,Conservative
Chipping Barnet,London,25759,18103,4151,2381,,2501,,,,,,,118,,,53013,Conservative,Labour,25759,18103,48.59,7656,14.44,,59.1,40.9,-18.2,Conservative
Chorley,North West England,18792,23322,6995,1354,,1111,,,,,,,138,,,51712,Labour,Conservative,23322,18792,45.1,4530,8.76,,43.5,56.5,13,Labour
Christchurch,South West England,28887,4745,10663,3263,,2149,,,,,,,,,,49707,Conservative,UKIP,28887,10663,58.11,18224,36.66,,40.2,59.8,19.6,Conservative
Cities of London and Westminster,London,19570,9899,1894,2521,,1953,,,,,,,,,348,36185,Conservative,Labour,19570,9899,54.08,9671,26.73,,71.4,28.6,-42.8,Conservative
City of Durham,North East England,10157,21596,5232,5153,,2687,,,,,,,,,844,45669,Labour,Conservative,21596,10157,47.3,11439,25.05,66.4,55.7,44.3,-11.4,Labour
Clacton,East of England,16205,6364,19642,812,,1184,,,,,,,,,,44207,UKIP,Conservative,19642,16205,44.43,3437,7.77,,30,70,40,Conservative
Cleethorpes,North East England,21026,13133,8356,1346,,1013,,,,,,,,,215,45089,Conservative,Labour,21026,13133,46.6,7893,17.51,,31.6,68.4,36.8,Conservative
Clwyd South,Wales,10649,13051,5480,1349,,915,,3620,,,,,,,,35064,Labour,Conservative,13051,10649,37.2,2402,6.85,,39.8,60.2,20.4,Labour
Clwyd West,Wales,16463,9733,4988,1387,,,,4651,,,,,,,806,38028,Conservative,Labour,16463,9733,43.29,6730,17.7,,47.5,52.5,5,Conservative
"Coatbridge, Chryston and Bellshill",Scotland,3209,17195,1049,549,28696,,,,,,,,,,,50698,SNP,Labour,28696,17195,68.7,11501,22.69,,61.3,38.7,-22.6,Labour
Colchester,East of England,18919,7852,5870,13344,,2499,,,,,,,,,109,48593,Conservative,Liberal Democrat,18919,13344,38.9,5575,11.47,,49,51,2,Conservative
Colne Valley,Yorkshire and the Humber,25246,19868,5734,3407,,1919,,,,,,,,,626,56800,Conservative,Labour,25246,19868,44.4,5378,9.47,,50.2,49.8,-0.4,Labour
Congleton,North West England,27164,10391,6922,4623,,1876,,,,,,,,,,50976,Conservative,Labour,27164,10391,53.3,16773,32.9,,47.4,52.6,5.2,Conservative
Copeland,North West England,14186,16750,6148,1368,,1179,,,,,,,,,,39631,Labour,Conservative,16750,14186,42.3,2564,6.47,,40.2,59.8,19.6,Conservative
Corby,East Midlands,24023,21611,7708,1458,,1374,,,,,,,,,,56174,Conservative,Labour,24023,21611,42.8,2412,4.29,,39.9,60.1,20.2,Conservative
Coventry North East,West Midlands,9751,22025,6278,2007,,1245,,,,,,,,,925,42231,Labour,Conservative,22025,9751,52.2,12274,29.06,,40.8,59.2,18.4,Labour
Coventry North West,West Midlands,14048,18557,7101,1810,,1961,,,,,,,,,1769,45246,Labour,Conservative,18557,14048,41,4509,9.97,60.7,41.4,58.6,17.2,Labour
Coventry South,West Midlands,15284,18472,5709,1779,,1719,,,,,,,,,736,43699,Labour,Conservative,18472,15284,42.3,3188,7.3,61.2,51.1,48.9,-2.2,Labour
Crawley,South East England,22829,16303,6979,1339,,1100,,,,,,,,,,48550,Conservative,Labour,22829,16303,47,6526,13.44,65.7,41.6,58.4,16.8,Conservative
Crewe and Nantwich,North West England,22445,18825,7252,1374,,,,,,,,,,,,49896,Conservative,Labour,22445,18825,45,3620,7.26,,41,59,18,Labour
Croydon Central,London,22753,22588,4810,1152,,1454,,,,,,,,,184,52941,Conservative,Labour,22753,22588,43,165,0.31,,49.7,50.3,0.6,Labour
Croydon North,London,12149,33513,2899,1919,,2515,,,,,,,,,527,53522,Labour,Conservative,33513,12149,62.6,21364,39.92,,59.1,40.9,-18.2,Labour
Croydon South,London,31448,14308,6068,3448,,2154,,,,,,,,,286,57712,Conservative,Labour,31448,14308,54.5,17140,29.7,,54.2,45.8,-8.4,Conservative
"Cumbernauld, Kilsyth and Kirkintilloch East",Scotland,3891,14820,,1099,29572,,,,,,,,,,,49382,SNP,Labour,29572,14820,59.9,14752,29.87,73.6,62.1,37.9,-24.2,SNP
Cynon Valley,Wales,3676,14532,4976,830,,799,,5126,,,,,,,533,30472,Labour,Plaid Cymru,14532,5126,47.7,9406,30.87,,43.1,56.9,13.8,Labour
Dagenham and Rainham,London,10492,17830,12850,717,,806,,,,,,,,,355,43050,Labour,UKIP,17830,12850,41.4,4980,11.57,62.3,30.1,69.9,39.8,Labour
Darlington,North East England,14479,17637,5392,1966,,1444,,,,,,,,,223,41141,Labour,Conservative,17637,14479,42.9,3158,7.68,62.5,42,58,16,Labour
Dartford,South East England,25670,13325,10434,1454,,1324,,,,,,,,,211,52418,Conservative,Labour,25670,13325,49,12345,23.55,68.4,36,64,28,Conservative
Daventry,East Midlands,30550,9491,8296,2352,,1829,,,,,,,,,,52518,Conservative,Labour,30550,9491,58.2,21059,40.1,72.2,41.3,58.7,17.4,Conservative
Delyn,Wales,12257,15187,6150,1380,,680,,1803,,,,,,,,37457,Labour,Conservative,15187,12257,40.5,2930,7.82,69.8,45.3,54.7,9.4,Labour
Denton and Reddish,North West England,9150,19661,7225,957,,1466,,,,,,,,,222,38681,Labour,Conservative,19661,9150,50.8,10511,27.17,58.1,39,61,22,Labour
Derby North,East Midlands,16402,16361,6532,3832,,1618,,,,,,,,,,44745,Conservative,Labour,16402,16361,36.7,41,0.09,69.1,46.3,53.7,7.4,Labour
Derby South,East Midlands,11179,20007,6341,1717,,1208,,,,,,,,,368,40820,Labour,Conservative,20007,11179,49,8828,21.63,58.1,38.4,61.6,23.2,Labour
Derbyshire Dales,East Midlands,24805,10761,5508,3965,,2173,,,,,,,,,149,47361,Conservative,Labour,24805,10761,52.4,14044,29.65,74.6,48.8,51.2,2.4,Conservative
Devizes,South West England,28295,6360,7544,3954,,2853,,,,,,,,,,49006,Conservative,UKIP,28295,7544,57.7,20751,42.34,70.8,48.6,51.4,2.8,Conservative
Dewsbury,Yorkshire and the Humber,20955,22406,6649,1924,,1366,,,,,,,,,330,53630,Labour,Conservative,22406,20955,41.8,1451,2.71,67.2,42.8,57.2,14.4,Labour
Don Valley,Yorkshire and the Humber,10736,19621,9963,1487,,,,,,,,,,,679,42486,Labour,Conservative,19621,10736,46.2,8885,20.91,59.6,31.5,68.5,37,Labour
Doncaster Central,Yorkshire and the Humber,8386,19840,9747,1717,,,,,,,,,,,730,40420,Labour,UKIP,19840,9747,49.1,10093,24.97,56.8,33.7,66.3,32.6,Labour
Doncaster North,Yorkshire and the Humber,7235,20708,8928,1005,,757,,,,,,,448,,420,39501,Labour,UKIP,20708,8928,52.4,11780,29.82,55.7,28,72,44,Labour
Dover,South East England,21737,15443,10177,1572,,1295,,,,,,,,,,50224,Conservative,Labour,21737,15443,43.3,6294,12.53,68.9,36.8,63.1,26.3,Conservative
Dudley North,West Midlands,11704,15885,9113,478,,517,,,,,,,,,295,37992,Labour,Conservative,15885,11704,41.8,4181,11,62.6,28.6,71.4,42.8,Labour
Dudley South,West Midlands,16723,12453,7236,828,,970,,,,,,,,,,38210,Conservative,Labour,16723,12453,43.8,4270,11.18,63.3,29.6,70.4,40.8,Conservative
Dulwich and West Norwood,London,11650,27772,1606,5055,,4844,,,,,,,,,435,51362,Labour,Conservative,27772,11650,54.1,16122,31.39,68.3,78,22,-56,Labour
Dumfries and Galloway,Scotland,16926,13982,1301,953,23440,,,,,,,,,,,56602,SNP,Conservative,23440,16926,41.4,6514,11.51,75.2,54.7,45.3,-9.4,Conservative
"Dumfriesshire, Clydesdale and Tweeddale",Scotland,20759,7711,1472,1392,19961,839,,,,,,,,,,52134,Conservative,SNP,20759,19961,39.8,798,1.53,76.1,56.1,43.9,-12.2,Conservative
Dundee East,Scotland,7206,9603,,1387,28765,895,,,,,,,,,329,48185,SNP,Labour,28765,9603,59.7,19162,39.77,71,61.8,38.2,-23.6,SNP
Dundee West,Scotland,3852,10592,,1057,27684,1225,,,,,,,,,304,44714,SNP,Labour,27684,10592,61.9,17092,38.23,67.8,58.9,41.1,-17.8,SNP
Dunfermline and West Fife,Scotland,6623,17744,,2232,28096,1195,,,,,,,,,,55890,SNP,Labour,28096,17744,50.3,10352,18.52,71.6,60,40,-20,SNP
Dwyfor Meirionnydd,Wales,6550,3904,3126,1153,,981,,11811,,,,,1388,,,28913,Plaid Cymru,Conservative,11811,6550,40.9,5261,18.2,65.1,51.7,48.3,-3.4,Plaid Cymru
Ealing Central and Acton,London,21728,22002,1926,3106,,1841,,,,,,,,,291,50894,Labour,Conservative,22002,21728,43.2,274,0.54,71.4,70.9,29.1,-41.8,Labour
Ealing North,London,14419,26745,3922,1575,,1635,,,,,,,,,214,48510,Labour,Conservative,26745,14419,55.1,12326,25.41,65.7,53.7,46.3,-7.4,Labour
Ealing Southall,London,9387,28147,1769,1550,,2007,,,,,,,,,461,43321,Labour,Conservative,28147,9387,65,18760,43.3,66.1,58.2,41.8,-16.4,Labour
Easington,North East England,4478,21132,6491,834,,733,,,,,,,810,,146,34624,Labour,UKIP,21132,6491,61,14641,42.29,56.1,33.5,66.5,33,Labour
East Antrim,Northern Ireland,549,,3660,,,,12103,,2314,6308,1639,5021,,,1903,33497,Democratic Unionist,Ulster Unionist,12103,6308,36.1,5795,17.3,53.3,44.8,55.2,10.4,Democratic Unionist
East Devon,South West England,25401,5591,6870,3715,,,,,,,,,13140,,,54717,Conservative,Independent,25401,13140,46.4,12261,22.41,73.7,49.6,50.4,0.8,Conservative
East Dunbartonshire,Scotland,4727,6754,567,19926,22093,804,,,,,,,,,,54871,SNP,Liberal Democrat,22093,19926,40.3,2167,3.95,81.91,73.3,26.7,-46.6,Liberal Democrat
East Ham,London,6311,40563,2622,856,,1299,,,,,,,,,639,52290,Labour,Conservative,40563,6311,77.6,34252,65.5,59.8,53.1,46.9,-6.2,Labour
East Hampshire,South East England,31334,5220,6187,5732,,3176,,,,,,,,,,51649,Conservative,UKIP,31334,6187,60.7,25147,48.69,71.1,51.3,48.7,-2.6,Conservative
"East Kilbride, Strathaven and Lesmahagow",Scotland,7129,17151,1221,1042,33678,,,,,,,,318,,,60539,SNP,Labour,33678,17151,55.6,16527,27.3,72.8,62.1,37.9,-24.2,SNP
East Londonderry,Northern Ireland,422,,,,,,14663,,6859,5333,4268,2642,,,527,34714,Democratic Unionist,Sinn Fein,14663,6859,42.2,7804,22.48,51.9,52,48,-4,Democratic Unionist
East Lothian,Scotland,11511,18301,1178,1517,25104,1245,,,,,,,158,,,59014,SNP,Labour,25104,18301,42.5,6803,11.53,74.2,64.6,35.4,-29.2,Labour
East Renfrewshire,Scotland,12465,19295,888,1069,23013,,,,,,,,,,,56730,SNP,Labour,23013,19295,40.6,3718,6.55,81.1,74.3,25.7,-48.6,Conservative
East Surrey,South East England,32211,6627,9553,5189,,2159,,,,,,,,,364,56103,Conservative,UKIP,32211,9553,45.6,22658,40.39,70.4,45.9,54.1,8.2,Conservative
East Worthing and Shoreham,South East England,24686,9737,8267,3360,,2605,,,,,,,,,1243,49898,Conservative,Labour,24686,9737,49.5,14949,29.96,67.2,46.4,53.6,7.2,Conservative
East Yorkshire,Yorkshire and the Humber,25276,10343,8955,2966,,1731,,,,,,,,,720,49991,Conservative,Labour,25276,10343,50.6,14933,29.87,61.7,36.7,63.3,26.6,Conservative
Eastbourne,South East England,20934,4143,6139,20201,,1351,,,,,,,139,,,52907,Conservative,Liberal Democrat,20934,20201,39.6,733,1.39,67.6,42.4,57.6,15.2,Liberal Democrat
Eastleigh,South East England,23464,7181,8783,14317,,1513,,,,,,,,,247,55505,Conservative,Liberal Democrat,23464,14317,42.3,9147,16.48,69.9,46,54,8,Conservative
Eddisbury,North West England,24167,11193,5778,4289,,1624,,,,,,,,,301,47352,Conservative,Labour,24167,11193,51,12974,27.4,69,47.8,52.2,4.4,Conservative
Edinburgh East,Scotland,4670,14082,898,1325,23188,2809,,,,,,,,,117,47089,SNP,Labour,23188,14082,49.2,9106,19.34,70.1,72.4,27.6,-44.8,SNP
Edinburgh North and Leith,Scotland,9378,18145,847,2634,23742,3140,,,,,,,,,122,58008,SNP,Labour,23742,18145,40.9,5597,9.65,71.7,78.2,21.8,-56.4,SNP
Edinburgh South,Scotland,8626,19293,601,1823,16656,2090,,,,,,,,,197,49286,Labour,SNP,19293,16656,39.1,2637,5.35,74.9,77.8,22.2,-55.6,Labour
Edinburgh South West,Scotland,10444,14033,1072,1920,22168,1965,,,,,,,,,,51602,SNP,Labour,22168,14033,43,8135,15.76,71.5,72.1,27.9,-44.2,SNP
Edinburgh West,Scotland,6732,6425,1015,18168,21378,1140,,,,,,,,,,54858,SNP,Liberal Democrat,21378,18168,39,3210,5.85,76.5,71.2,28.8,-42.4,Liberal Democrat
Edmonton,London,9969,25388,3366,897,,1358,,,,,,,,,360,41338,Labour,Conservative,25388,9969,61.4,15419,37.3,62.6,54.5,45.5,-9,Labour
Ellesmere Port and Neston,North West England,16041,22316,5594,1563,,990,,,,,,,,,223,46727,Labour,Conservative,22316,16041,47.8,6275,13.43,68.6,42.3,57.7,15.4,Labour
Elmet and Rothwell,Yorkshire and the Humber,27978,19488,6430,2640,,1261,,,,,,,,,,57797,Conservative,Labour,27978,19488,48.4,8490,14.69,73,43.7,56.3,12.6,Conservative
Eltham,London,15700,18393,6481,1308,,1275,,,,,,,,,,43157,Labour,Conservative,18393,15700,42.6,2693,6.24,67.4,48.2,51.8,3.6,Labour
Enfield North,London,19086,20172,4133,1059,,1303,,,,,,,,,384,46137,Labour,Conservative,20172,19086,43.7,1086,2.35,67.7,50.8,49.2,-1.6,Labour
Enfield Southgate,London,22624,17871,2109,1518,,1690,,,,,,,,,,45812,Conservative,Labour,22624,17871,49.4,4753,10.38,70.5,62.1,37.9,-24.2,Labour
Epping Forest,East of England,27027,7962,9049,3448,,1782,,,,,,,,,80,49348,Conservative,UKIP,27027,9049,54.8,17978,36.43,67.1,39,61,22,Conservative
Epsom and Ewell,South East England,33309,8866,7117,5002,,2116,,,,,,,,,733,57143,Conservative,Labour,33309,8866,58.3,24443,42.78,72.7,52.1,47.9,-4.2,Conservative
Erewash,East Midlands,20636,17052,7792,1658,,1184,,,,,,,,,,48322,Conservative,Labour,20636,17052,42.7,3584,7.42,67.2,36.7,63.3,26.6,Conservative
Erith and Thamesmead,London,11684,21209,7368,972,,941,,,,,,,,,443,42617,Labour,Conservative,21209,11684,49.8,9525,22.35,61.1,45.7,54.3,8.6,Labour
Esher and Walton,South East England,35845,7229,5551,5372,,2355,,,,,,,,,624,56976,Conservative,Labour,35845,7229,62.9,28616,50.22,71.3,58.4,41.6,-16.8,Conservative
Exeter,South West England,17879,25062,5075,2321,,3491,,,,,,,,,190,54018,Labour,Conservative,25062,17879,46.4,7183,13.3,70.2,55.3,44.7,-10.6,Labour
Falkirk,Scotland,7325,15130,1829,1225,34831,,,,,,,,,,,60340,SNP,Labour,34831,15130,57.7,19701,32.65,72.4,58.1,41.9,-16.2,SNP
Fareham,South East England,30689,7800,8427,4814,,2129,,,,,,,,,841,54700,Conservative,UKIP,30689,8427,56.1,22262,40.7,70.8,44.6,55.4,10.8,Conservative
Faversham and Mid Kent,South East England,24895,7403,8243,3039,,1768,,,,,,,,,455,45803,Conservative,UKIP,24895,8243,54.4,16652,36.36,65.9,41.8,58.2,16.4,Conservative
Feltham and Heston,London,14382,25845,6209,1579,,1390,,,,,,,,,,49405,Labour,Conservative,25845,14382,52.3,11463,23.2,60,44.1,55.9,11.8,Labour
Fermanagh and South Tyrone,Northern Ireland,,,,,,788,,,23078,23608,2732,658,,,,50864,Ulster Unionist,Sinn Fein,23608,23078,46.4,530,1.04,72.6,58.6,41.4,-17.2,Sinn Fein
Filton and Bradley Stoke,South West England,22920,13082,7261,3581,,2257,,,,,,,,,,49101,Conservative,Labour,22920,13082,46.7,9838,20.04,69.4,52.1,47.9,-4.2,Conservative
Finchley and Golders Green,London,25835,20173,1732,1662,,1357,,,,,,,,,,50759,Conservative,Labour,25835,20173,50.9,5662,11.15,70.5,69.1,30.9,-38.2,Conservative
Folkestone and Hythe,South East England,26323,7939,12526,4882,,2956,,,,,,,,,384,55010,Conservative,UKIP,26323,12526,47.9,13797,25.08,65.8,38.2,61.8,23.6,Conservative
Forest of Dean,South West England,23191,12204,8792,2630,,2703,,,,,,,,,,49520,Conservative,Labour,23191,12204,46.8,10987,22.19,70.9,42,58,16,Conservative
Foyle,Northern Ireland,132,,832,,,,4573,,11679,1226,17725,835,,,,37002,SDLP,Sinn Fein,17725,11679,47.9,6046,16.34,52.8,78.3,21.7,-56.6,Sinn Fein
Fylde,North West England,21406,8182,5569,1623,,1381,,,,,,,5166,,230,43557,Conservative,Labour,21406,8182,49.1,13224,30.36,66.3,43.5,56.5,13,Conservative
Gainsborough,East Midlands,25949,10500,7727,3290,,1290,,,,,,,,,505,49261,Conservative,Labour,25949,10500,52.7,15449,31.36,67.3,38,62,24,Conservative
Garston and Halewood,North West England,6693,33839,4482,2279,,1690,,,,,,,,,,48983,Labour,Conservative,33839,6693,69.1,27146,55.42,66.1,52.2,47.8,-4.4,Labour
Gateshead,North East England,5502,21549,6765,2585,,1548,,,,,,,,,,37949,Labour,UKIP,21549,6765,56.8,14784,38.96,59.4,44,56,12,Labour
Gedling,East Midlands,17321,20307,6930,1906,,1534,,,,,,,,,,47998,Labour,Conservative,20307,17321,42.3,2986,6.22,68.5,43.9,56.1,12.2,Labour
Gillingham and Rainham,South East England,22590,12060,9199,1707,,1133,,,,,,,,,389,47078,Conservative,Labour,22590,12060,48,10530,22.37,64.8,36.5,63.5,27,Conservative
Glasgow Central,Scotland,2359,12996,786,612,20658,1559,,,,,,,,,348,39318,SNP,Labour,20658,12996,52.5,7662,19.49,55.4,71.2,28.8,-42.4,SNP
Glasgow East,Scotland,2544,13729,1105,318,24116,381,,,,,,,,,224,42417,SNP,Labour,24116,13729,56.9,10387,24.49,60.3,56.2,43.8,-12.4,SNP
Glasgow North,Scotland,2901,10315,486,1012,19610,2284,,,,,,,,,314,36922,SNP,Labour,19610,10315,53.1,9295,25.17,61.4,78.4,21.6,-56.8,SNP
Glasgow North East,Scotland,1769,12754,,300,21976,615,,,,,,,,,443,37857,SNP,Labour,21976,12754,58.1,9222,24.36,56.8,59.3,40.7,-18.6,Labour
Glasgow North West,Scotland,3692,13544,,1194,23908,1167,,,,,,,,,349,43854,SNP,Labour,23908,13544,54.5,10364,23.63,64.1,68.5,31.5,-37,SNP
Glasgow South,Scotland,4752,14504,,1019,26773,1431,,,,,,,,,299,48778,SNP,Labour,26773,14504,54.9,12269,25.15,65.9,71.8,28.2,-43.6,SNP
Glasgow South West,Scotland,2036,13438,970,406,23388,507,,,,,,,,,176,40921,SNP,Labour,23388,13438,57.2,9950,24.32,61.8,59.1,40.9,-18.2,SNP
Glenrothes,Scotland,3685,14562,,892,28459,,,,,,,,,,,47598,SNP,Labour,28459,14562,59.8,13897,29.2,68.2,53.6,46.4,-7.2,SNP
Gloucester,South West England,23837,16586,7497,2828,,1485,,,,,,,,,342,52575,Conservative,Labour,23837,16586,45.3,7251,13.79,63.4,41.1,58.9,17.8,Conservative
Gordon,Scotland,6807,3441,1166,19030,27717,,,,,,,,,,,58161,SNP,Liberal Democrat,27717,19030,47.7,8687,14.94,73.3,55.5,44.5,-11,Conservative
Gosport,South East England,26364,6926,9266,3298,,1707,,,,,,,,,104,47665,Conservative,UKIP,26364,9266,55.3,17098,35.87,65.1,38.1,61.9,23.8,Conservative
Gower,Wales,15862,15835,4773,1552,,1161,,3051,,,,,168,,356,42758,Conservative,Labour,15862,15835,37.1,27,0.06,69.2,49.9,50.1,0.2,Labour
Grantham and Stamford,East Midlands,28399,9070,9410,3263,,1872,,,,,,,,,1741,53755,Conservative,UKIP,28399,9410,52.8,18989,35.33,66.2,39,61,22,Conservative
Gravesham,South East England,23484,15114,9306,1111,,1124,,,,,,,,,,50139,Conservative,Labour,23484,15114,46.8,8370,16.69,67.5,34.6,65.4,30.8,Conservative
Great Grimsby,Yorkshire and the Humber,8874,13414,8417,1680,,783,,,,,,,,,563,33731,Labour,Conservative,13414,8874,39.8,4540,13.46,57.7,28.6,71.4,42.8,Labour
Great Yarmouth,East of England,19089,12935,10270,1030,,978,,,,,,,,,167,44469,Conservative,Labour,19089,12935,42.9,6154,13.84,63.7,28.5,71.5,43,Conservative
Greenwich and Woolwich,London,12438,24384,3888,2645,,2991,,,,,,,,,370,46716,Labour,Conservative,24384,12438,52.2,11946,25.57,63.7,64.3,35.7,-28.6,Labour
Guildford,South East England,30802,6534,4774,8354,,2558,,,,,,,,,964,53986,Conservative,Liberal Democrat,30802,8354,57.1,22448,41.58,70.5,58.9,41.1,-17.8,Conservative
Hackney North and Stoke Newington,London,7349,31357,1085,2492,,7281,,,,,,,,,323,49887,Labour,Conservative,31357,7349,62.9,24008,48.12,60,79.1,20.9,-58.2,Labour
Hackney South and Shoreditch,London,6420,30663,1818,2186,,5519,,,,,,,,,1004,47610,Labour,Conservative,30663,6420,64.4,24243,50.92,59.5,77.9,22.1,-55.8,Labour
Halesowen and Rowley Regis,West Midlands,18933,15851,7280,905,,849,,,,,,,,,,43818,Conservative,Labour,18933,15851,43.2,3082,7.03,59.1,33.7,66.3,32.6,Conservative
Halifax,Yorkshire and the Humber,17078,17506,5621,1629,,1142,,,,,,,,,777,43753,Labour,Conservative,17506,17078,40,428,0.98,62.1,41.2,58.8,17.6,Labour
Haltemprice and Howden,Yorkshire and the Humber,26414,10219,6781,3055,,1809,,,,,,,,,479,48757,Conservative,Labour,26414,10219,54.2,16195,33.22,68.5,44.6,55.4,10.8,Conservative
Halton,North West England,8007,28292,6333,1097,,1017,,,,,,,,,277,45023,Labour,Conservative,28292,8007,62.8,20285,45.05,61.8,42.2,57.8,15.6,Labour
Hammersmith,London,17463,23981,2105,2224,,2105,,,,,,,,,82,47960,Labour,Conservative,23981,17463,50,6518,13.59,66.4,69,31,-38,Labour
Hampstead and Kilburn,London,22839,23977,1532,3039,,2387,,,,,,,,,190,53964,Labour,Conservative,23977,22839,44.4,1138,2.11,67.3,76.6,23.4,-53.2,Labour
Harborough,East Midlands,27675,8043,7539,7037,,2177,,,,,,,,,,52471,Conservative,Labour,27675,8043,52.7,19632,37.41,67.5,47.8,52.2,4.4,Conservative
Harlow,East of England,21623,13273,7208,904,,954,,,,,,,,,289,44251,Conservative,Labour,21623,13273,48.9,8350,18.87,65.1,32,68,36,Conservative
Harrogate and Knaresborough,Yorkshire and the Humber,28153,5409,5681,11782,,2351,,,,,,,,,,53376,Conservative,Liberal Democrat,28153,11782,52.7,16371,30.67,69,52.8,47.2,-5.6,Conservative
Harrow East,London,24668,19911,2333,1037,,846,,,,,,,,,205,49000,Conservative,Labour,24668,19911,50.3,4757,9.71,69.1,52.5,47.5,-5,Conservative
Harrow West,London,19677,21885,2047,1567,,1310,,,,,,,,,117,46603,Labour,Conservative,21885,19677,47,2208,4.74,66.9,56.6,43.4,-13.2,Labour
Hartlepool,North East England,8256,14076,11052,761,,1341,,,,,,,2954,,1050,39490,Labour,UKIP,14076,11052,35.6,3024,7.66,56.8,30.4,69.6,39.2,Labour
Harwich and North Essex,East of England,24722,9548,8464,3576,,2122,,,,,,,,,,48432,Conservative,Labour,24722,9548,51,15174,31.33,69.9,39,61,22,Conservative
Hastings and Rye,South East England,22686,17890,6786,1614,,1951,,,,,,,,,,50927,Conservative,Labour,22686,17890,44.5,4796,9.42,67.8,43.8,56.2,12.4,Conservative
Havant,South East England,23159,7149,9239,2929,,2352,,,,,,,,,,44828,Conservative,UKIP,23159,9239,51.7,13920,31.05,63.5,37.6,62.4,24.8,Conservative
Hayes and Harlington,London,11143,26843,5388,888,,794,,,,,,,,,,45056,Labour,Conservative,26843,11143,59.6,15700,34.85,60.2,40.6,59.4,18.8,Labour
Hazel Grove,North West England,17882,7584,5283,11330,,1140,,,,,,,,,,43219,Conservative,Liberal Democrat,17882,11330,41.4,6552,15.16,68.5,47.8,52.2,4.4,Conservative
Hemel Hempstead,East of England,26245,11825,7249,2402,,1660,,,,,,,,,252,49633,Conservative,Labour,26245,11825,52.9,14420,29.05,66.5,44.9,55.1,10.2,Conservative
Hemsworth,Yorkshire and the Humber,9694,21772,8565,1357,,,,,,,,,,,1018,42406,Labour,Conservative,21772,9694,51.3,12078,28.48,58.3,31.9,68.1,36.2,Labour
Hendon,London,24328,20604,2595,1088,,1015,,,,,,,,,,49630,Conservative,Labour,24328,20604,49,3724,7.5,66.5,58.1,41.9,-16.2,Conservative
Henley,South East England,32292,6917,6007,6205,,3815,,,,,,,,,,55236,Conservative,Labour,32292,6917,58.5,25375,45.94,70.6,57,43,-14,Conservative
Hereford and South Herefordshire,West Midlands,24844,6042,7954,5002,,3415,,,,,,,,,,47257,Conservative,UKIP,24844,7954,52.6,16890,35.74,66.8,39.9,60.1,20.2,Conservative
Hertford and Stortford,East of England,31593,10084,7534,4385,,2681,,,,,,,,,,56277,Conservative,Labour,31593,10084,56.1,21509,38.22,71.3,50.8,49.2,-1.6,Conservative
Hertsmere,East of England,29696,11235,6383,2777,,,,,,,,,,,,50091,Conservative,Labour,29696,11235,59.3,18461,36.85,67.9,49.2,50.8,1.6,Conservative
Hexham,North East England,22834,10803,4302,2961,,2445,,,,,,,,,,43345,Conservative,Labour,22834,10803,52.7,12031,27.76,71.5,54.7,45.3,-9.4,Conservative
Heywood and Middleton,North West England,9268,20926,15627,1607,,1110,,,,,,,,,,48538,Labour,UKIP,20926,15627,43.1,5299,10.92,60.7,37.6,62.4,24.8,Labour
High Peak,East Midlands,22836,17942,5811,2389,,1811,,,,,,,,,,50789,Conservative,Labour,22836,17942,45,4894,9.64,69.3,49.5,50.5,1,Labour
Hitchin and Harpenden,East of England,31488,11433,4917,4484,,3053,,,,,,,,,,55375,Conservative,Labour,31488,11433,56.9,20055,36.22,74,60.3,39.7,-20.6,Conservative
Holborn and St Pancras,London,12014,29062,2740,3555,,7013,,,,,,,,,533,54917,Labour,Conservative,29062,12014,52.9,17048,31.04,63.2,73.3,26.7,-46.6,Labour
Hornchurch and Upminster,London,27051,11103,13977,1501,,1411,,,,,,,,,193,55236,Conservative,UKIP,27051,13977,49,13074,23.67,69.6,30.6,69.4,38.8,Conservative
Hornsey and Wood Green,London,5347,29417,1271,18359,,3146,,,,,,,,,245,57785,Labour,Liberal Democrat,29417,18359,50.9,11058,19.14,72.9,75,25,-50,Labour
Horsham,South East England,32627,6499,7969,6647,,2198,,,,,,,,,985,56925,Conservative,UKIP,32627,7969,57.3,24658,43.32,72.8,51.4,48.6,-2.8,Conservative
Houghton and Sunderland South,North East England,7105,21218,8280,791,,1095,,,,,,,,,,38489,Labour,UKIP,21218,8280,55.1,12938,33.61,56.3,37.4,62.6,25.2,Labour
Hove,South East England,20846,22082,3265,1861,,3569,,,,,,,,,591,52214,Labour,Conservative,22082,20846,42.3,1236,2.37,71,66.1,33.9,-32.2,Labour
Huddersfield,Yorkshire and the Humber,10841,18186,5948,2365,,2798,,,,,,,,,340,40478,Labour,Conservative,18186,10841,44.9,7345,18.15,62,49,51,2,Labour
Huntingdon,East of England,29652,10248,9473,4375,,2178,,,,,,,,,,55926,Conservative,Labour,29652,10248,53,19404,34.7,67.9,46.8,53.2,6.4,Conservative
Hyndburn,North West England,13676,18076,9154,859,,1122,,,,,,,,,,42887,Labour,Conservative,18076,13676,42.1,4400,10.26,62.8,34.3,65.7,31.4,Labour
Ilford North,London,20874,21463,4355,1130,,1023,,,,,,,,,87,48932,Labour,Conservative,21463,20874,43.9,589,1.2,62.6,47.5,52.5,5,Labour
Ilford South,London,13455,33232,2705,1014,,1506,,,,,,,,,,51912,Labour,Conservative,33232,13455,64,19777,38.1,54.6,56.2,43.8,-12.4,Labour
Inverclyde,Scotland,4446,13522,715,1106,24585,,,,,,,,,,233,44607,SNP,Labour,24585,13522,55.1,11063,24.8,75.2,63.8,36.2,-27.6,SNP
"Inverness, Nairn, Badenoch and Strathspey",Scotland,3410,4311,1236,18029,28838,1367,,,,,,,,,422,57613,SNP,Liberal Democrat,28838,18029,50.1,10809,18.76,74.2,58.7,41.3,-17.4,SNP
Ipswich,East of England,21794,18061,5703,1400,,1736,,,,,,,,,,48694,Conservative,Labour,21794,18061,44.8,3733,7.67,65.4,43.5,56.5,13,Labour
Isle of Wight,South East England,28591,8984,14888,5235,,9404,,,,,,,,,3198,70300,Conservative,UKIP,28591,14888,40.7,13703,19.49,64.6,38.1,61.9,23.8,Conservative
Islington North,London,8465,29659,1971,3984,,5043,,,,,,,,,112,49234,Labour,Conservative,29659,8465,60.2,21194,43.05,67.1,78.4,21.6,-56.8,Labour
Islington South and Finsbury,London,9839,22547,3375,4829,,3371,,,,,,,,,309,44270,Labour,Conservative,22547,9839,50.9,12708,28.71,65,71.7,28.3,-43.4,Labour
Islwyn,Wales,5366,17336,6932,950,,659,,3794,,,,,,,364,35401,Labour,UKIP,17336,6932,49,10404,29.39,63.6,45.3,58.8,13.5,Labour
Jarrow,North East England,6584,21464,7583,1238,,1310,,,,,,,,,385,38564,Labour,UKIP,21464,7583,55.7,13881,35.99,60.4,38.4,61.6,23.2,Labour
Keighley,Yorkshire and the Humber,21766,18713,5662,1321,,1661,,,,,,,,,,49123,Conservative,Labour,21766,18713,44.3,3053,6.22,71.3,46.7,53.3,6.6,Labour
Kenilworth and Southam,West Midlands,28474,7472,5467,4913,,1956,,,,,,,,,509,48791,Conservative,Labour,28474,7472,58.4,21002,43.04,74.8,53.5,46.5,-7,Conservative
Kensington,London,18199,10838,1557,1962,,1765,,,,,,,,,507,34828,Conservative,Labour,18199,10838,52.3,7361,21.14,56.8,68.7,31.3,-37.4,Labour
Kettering,East Midlands,24467,11877,7600,1490,,1633,,,,,,,,,151,47218,Conservative,Labour,24467,11877,51.8,12590,26.66,67.3,39,61,22,Conservative
Kilmarnock and Loudoun,Scotland,6752,16362,,789,30000,,,,,,,,,,,53903,SNP,Labour,30000,16362,55.7,13638,25.3,71.6,60.4,39.6,-20.8,SNP
Kingston and Surbiton,London,23249,8574,4321,20415,,2322,,,,,,,,,372,59253,Conservative,Liberal Democrat,23249,20415,39.2,2834,4.78,72.9,58.5,41.5,-17,Liberal Democrat
Kingston upon Hull East,Yorkshire and the Humber,5593,18180,7861,2294,,806,,,,,,,,,410,35144,Labour,UKIP,18180,7861,51.7,10319,29.36,53.6,27.4,72.6,45.2,Labour
Kingston upon Hull North,Yorkshire and the Humber,5306,18661,5762,3175,,2066,,,,,,,,,366,35336,Labour,UKIP,18661,5762,52.8,12899,36.5,55.5,40.1,59.9,19.8,Labour
Kingston upon Hull West and Hessle,Yorkshire and the Humber,5561,15646,6313,3169,,943,,,,,,,,,171,31803,Labour,UKIP,15646,6313,49.2,9333,29.35,53.9,32.2,67.8,35.6,Labour
Kingswood,South West England,23252,14246,7133,1827,,1370,,,,,,,,,297,48125,Conservative,Labour,23252,14246,48.3,9006,18.71,70.8,43.2,56.8,13.6,Conservative
Kirkcaldy and Cowdenbeath,Scotland,5223,17654,1237,1150,27628,,,,,,,,,,,52892,SNP,Labour,27628,17654,52.2,9974,18.86,69.6,58.4,41.6,-16.8,Labour
Knowsley,North West England,3367,39628,4973,1490,,1270,,,,,,,,,,50728,Labour,UKIP,39628,4973,78.1,34655,68.32,64.1,47.6,52.4,4.8,Labour
Lagan Valley,Northern Ireland,654,,2200,,,,19055,,1144,6055,2500,5544,756,,1887,39795,Democratic Unionist,Ulster Unionist,19055,6055,47.9,13000,32.67,55.9,46.9,53.1,6.2,Democratic Unionist
Lanark and Hamilton East,Scotland,8772,16876,1431,1203,26976,,,,,,,,,,,55258,SNP,Labour,26976,16876,48.8,10100,18.28,69.1,64.6,35.4,-29.2,SNP
Lancaster and Fleetwood,North West England,16378,17643,4060,1390,,2093,,,,,,,,,174,41738,Labour,Conservative,17643,16378,42.3,1265,3.03,68.6,49.1,50.9,1.8,Labour
Leeds Central,Yorkshire and the Humber,7791,24758,7082,1529,,3558,,,,,,,,,330,45048,Labour,Conservative,24758,7791,55,16967,37.66,55.1,52.4,47.4,-5,Labour
Leeds East,Yorkshire and the Humber,7997,20530,7256,1296,,1117,,,,,,,,,,38196,Labour,Conservative,20530,7997,53.7,12533,32.81,59,39.1,60.9,21.8,Labour
Leeds North East,Yorkshire and the Humber,15887,23137,3706,2569,,2541,,,,,,,,,451,48291,Labour,Conservative,23137,15887,47.9,7250,15.01,69.9,62.7,37.3,-25.4,Labour
Leeds North West,Yorkshire and the Humber,8083,13041,2997,15948,,3042,,,,,,,,,246,43357,Liberal Democrat,Labour,15948,13041,36.8,2907,6.7,70,64.7,35.3,-29.4,Labour
Leeds West,Yorkshire and the Humber,7729,18456,7104,1495,,3217,,,,,,,,,422,38423,Labour,Conservative,18456,7729,48,10727,27.92,59.2,45.1,54.9,9.8,Labour
Leicester East,East Midlands,11034,29386,4290,1233,,1468,,,,,,,,,657,48068,Labour,Conservative,29386,11034,61.1,18352,38.18,63.7,46.9,53.1,6.2,Labour
Leicester South,East Midlands,9628,27473,3832,2127,,2533,,,,,,,,,349,45942,Labour,Conservative,27473,9628,59.8,17845,38.84,62.5,57.5,42.5,-15,Labour
Leicester West,East Midlands,8848,16051,5950,1507,,1878,,,,,,,,,288,34522,Labour,Conservative,16051,8848,46.5,7203,20.86,54.6,48.4,51.6,3.2,Labour
Leigh,North West England,10216,24312,8903,1150,,,,,,,,,,,542,45123,Labour,Conservative,24312,10216,53.9,14096,31.24,59.4,36.6,63.4,26.8,Labour
Lewes,South East England,19206,5000,5427,18123,,2784,,,,,,,,,,50540,Conservative,Liberal Democrat,19206,18123,38,1083,2.14,72.7,53.1,46.9,-6.2,Conservative
Lewisham East,London,9574,23907,3886,2455,,2429,,,,,,,,,672,42923,Labour,Conservative,23907,9574,55.7,14333,33.39,58.5,64.6,35.4,-29.2,Labour
Lewisham West and Penge,London,11633,24347,3764,3709,,4077,,,,,,,,,595,48125,Labour,Conservative,24347,11633,50.6,12714,26.42,66.6,65.6,34.4,-31.2,Labour
Lewisham Deptford,London,7056,28572,2013,2497,,5932,,,,,,,,,1356,47426,Labour,Conservative,28572,7056,60.2,21516,45.37,64.6,75.4,24.6,-50.8,Labour
Leyton and Wanstead,London,8939,23858,2341,2304,,2974,,,,,,,,,289,40705,Labour,Conservative,23858,8939,58.6,14919,36.65,62.9,62.9,37.1,-25.8,Labour
Lichfield,West Midlands,28389,10200,8082,2700,,1976,,,,,,,,,120,51467,Conservative,Labour,28389,10200,55.2,18189,35.34,61.8,42.5,57.5,15,Conservative
Lincoln,East Midlands,19976,18533,5721,1992,,,,,,,,,,,630,46852,Conservative,Labour,19976,18533,42.6,1443,3.08,63.2,42.7,57.3,14.6,Labour
Linlithgow and East Falkirk,Scotland,7384,19121,1682,1252,32055,,,,,,,,,,103,61597,SNP,Labour,32055,19121,52.03,12934,21,70.8,58.4,41.6,-16.8,SNP
Liverpool Riverside,North West England,4245,29835,2510,1719,,5372,,,,,,,,,582,44263,Labour,Green,29835,5372,67.4,24463,55.27,62.4,73.2,26.8,-46.4,Labour
Liverpool Walton,North West England,1802,31222,3445,899,,956,,,,,,,,,79,38403,Labour,UKIP,31222,3445,81.3,27777,72.33,61.1,46.2,53.8,7.6,Labour
Liverpool Wavertree,North West England,4098,28401,3375,2454,,2140,,,,,,,,,506,40974,Labour,Conservative,28401,4098,69.3,24303,59.31,66.4,64.2,35.8,-28.4,Labour
Liverpool West Derby,North West England,2710,30842,3475,959,,996,,,,,,,,,2049,41031,Labour,UKIP,30842,3475,75.2,27367,66.7,64.2,49.8,50.2,0.4,Labour
Livingston,Scotland,5929,15893,1757,1232,32736,,,,,,,,,,,57547,SNP,Labour,32736,15893,56.9,16843,29.27,69.9,56.2,43.8,-12.4,SNP
Llanelli,Wales,5534,15948,6269,751,,689,,8853,,,,,,,530,38574,Labour,Plaid Cymru,15948,8853,41.3,7095,18.39,64.5,44.6,55.4,10.8,Labour
Loughborough,East Midlands,25762,16579,5704,2130,,1845,,,,,,,,,,52020,Conservative,Labour,25762,16579,49.5,9183,17.65,71.6,50.4,49.6,-0.8,Conservative
Louth and Horncastle,East Midlands,25755,9077,10778,2255,,1549,,,,,,,,,922,50336,Conservative,UKIP,25755,10778,51.2,14977,29.75,67.8,30.6,69.4,38.8,Conservative
Ludlow,West Midlands,26093,5902,7164,6469,,2435,,,,,,,,,,48063,Conservative,UKIP,26093,7164,54.3,18929,39.38,72.4,41.5,58.5,17,Conservative
Luton North,East of England,12739,22243,5318,1299,,972,,,,,,,,,,42571,Labour,Conservative,22243,12739,52.2,9504,22.33,64,41.8,58.2,16.4,Labour
Luton South,East of England,12949,18660,5129,3183,,1237,,,,,,,900,,158,42216,Labour,Conservative,18660,12949,44.2,5711,13.53,62.8,44.6,55.4,10.8,Labour
Macclesfield,North West England,26063,11252,6037,3842,,2404,,,,,,,,,,49598,Conservative,Labour,26063,11252,52.5,14811,29.86,69.3,51.9,48.1,-3.8,Conservative
Maidenhead,South East England,35453,6394,4539,5337,,1915,,,,,,,,,217,53855,Conservative,Labour,35453,6394,65.8,29059,53.96,71.8,54.6,45.4,-9.2,Conservative
Maidstone and The Weald,South East England,22745,5268,7930,12036,,1396,,,,,,,,,635,50010,Conservative,Liberal Democrat,22745,12036,45.5,10709,21.41,68.3,44.2,55.8,11.6,Conservative
Makerfield,North West England,8752,23208,10053,1639,,1136,,,,,,,,,,44788,Labour,UKIP,23208,10053,51.8,13155,29.37,60.2,35,65,30,Labour
Maldon,East of England,29112,5690,7042,2157,,1504,,,,,,,2424,,116,48045,Conservative,UKIP,29112,7042,60.6,22070,45.94,69.2,38.7,61.3,22.6,Conservative
Manchester Central,North West England,6133,27772,5033,1867,,3838,,,,,,,,,688,45331,Labour,Conservative,27772,6133,61.3,21639,47.74,52.7,63.4,36.6,-26.8,Labour
Manchester Gorton,North West England,4063,28187,3434,1782,,4108,,,,,,,,,445,42019,Labour,Green,28187,4108,67.1,24079,57.31,57.6,62.1,37.9,-24.2,Labour
Manchester Withington,North West England,4872,26843,2172,11970,,4048,,,,,,,,,61,49966,Labour,Liberal Democrat,26843,11970,53.7,14873,29.77,62,73.7,26.3,-47.4,Labour
Mansfield,East Midlands,13288,18603,11850,1642,,1486,,,,,,,,,324,47193,Labour,Conservative,18603,13288,39.4,5315,11.26,60.9,29.1,70.9,41.8,Conservative
Meon Valley,South East England,31578,5656,7665,4987,,1831,,,,,,,,,,51717,Conservative,UKIP,31578,7665,61.1,23913,46.24,71.1,47.1,52.9,5.8,Conservative
Meriden,West Midlands,28791,9996,8908,2638,,2170,,,,,,,,,100,52603,Conservative,Labour,28791,9996,54.7,18795,35.73,64.9,42,58,16,Conservative
Merthyr Tydfil and Rhymney,Wales,3292,17619,6106,1351,,603,,3099,,,,,459,,186,32715,Labour,UKIP,17619,6106,53.9,11513,35.19,53,41.6,58.4,16.8,Labour
Mid Bedfordshire,East of England,32544,9217,8966,4193,,2462,,,,,,,,,678,58060,Conservative,Labour,32544,9217,56.1,23327,40.18,71.6,47.8,52.2,4.4,Conservative
Mid Derbyshire,East Midlands,24908,12134,6497,2292,,1898,,,,,,,,,,47729,Conservative,Labour,24908,12134,52.2,12774,26.76,70.6,47.5,52.5,5,Conservative
Mid Dorset and North Poole,South West England,23639,2767,5663,13109,,1321,,,,,,,,,,46499,Conservative,Liberal Democrat,23639,13109,50.8,10530,22.65,67.5,42.1,57.9,15.8,Conservative
Mid Norfolk,East of England,27206,9585,9930,3300,,2191,,,,,,,,,,52212,Conservative,UKIP,27206,9930,52.1,17276,33.09,67.8,39.5,60.5,21,Conservative
Mid Sussex,South East England,32268,7982,6898,6604,,2453,,,,,,,,,1287,57492,Conservative,Labour,32268,7982,56.1,24286,42.24,72.3,53.4,46.6,-6.8,Conservative
Mid Ulster,Northern Ireland,120,,863,,,,5465,,19935,6318,5055,778,,,2388,40922,Sinn Fein,Ulster Unionist,19935,6318,48.7,13617,33.28,60.3,60.4,39.6,-20.8,Sinn Fein
Mid Worcestershire,West Midlands,29763,7548,9231,3750,,1933,,,,,,,,,,52225,Conservative,UKIP,29763,9231,57,20532,39.31,71.5,41.1,58.9,17.8,Conservative
Middlesbrough,North East England,5388,18584,6107,1220,,1407,,,,,,,,,,32706,Labour,UKIP,18584,6107,56.8,12477,38.15,52.9,34,66,32,Labour
Middlesbrough South and East Cleveland,North East England,16925,19193,6935,1564,,1060,,,,,,,,,,45677,Labour,Conservative,19193,16925,42,2268,4.97,64.2,35,65,30,Conservative
Midlothian,Scotland,5760,14594,1173,1132,24453,1219,,,,,,,,,,48331,SNP,Labour,24453,14594,50.6,9859,20.4,71.2,62.1,37.9,-24.2,Labour
Milton Keynes North,South East England,27244,17491,6852,3575,,2255,,,,,,,,,275,57692,Conservative,Labour,27244,17491,47.2,9753,16.91,68,50.2,49.8,-0.4,Conservative
Milton Keynes South,South East England,27601,18929,7803,2309,,1936,,,,,,,,,371,58949,Conservative,Labour,27601,18929,46.8,8672,14.71,67,47.1,52.9,5.8,Conservative
Mitcham and Morden,London,10458,27380,4287,1378,,1422,,,,,,,,,217,45142,Labour,Conservative,27380,10458,60.7,16922,37.49,65.9,55.3,44.7,-10.6,Labour
Mole Valley,South East England,33434,4565,6181,7981,,2979,,,,,,,,,,55140,Conservative,Liberal Democrat,33434,7981,60.6,25453,46.16,74.2,52.5,47.5,-5,Conservative
Monmouth,Wales,23701,12719,4942,2496,,1629,,1875,,,,,,,100,47462,Conservative,Labour,23701,12719,49.9,10982,23.14,76.2,52.2,47.8,-4.4,Conservative
Montgomeryshire,Wales,15204,1900,3769,9879,,1260,,1745,,,,,,,,33757,Conservative,Liberal Democrat,15204,9879,45,5325,15.77,69.3,44.1,55.9,11.8,Conservative
Moray,Scotland,15319,4898,1939,1395,24384,1345,,,,,,,,,,49280,SNP,Conservative,24384,15319,49.5,9065,18.39,68.7,50.1,49.9,-0.2,Conservative
Morecambe and Lunesdale,North West England,19691,15101,5358,1612,,1395,,,,,,,,,85,43242,Conservative,Labour,19691,15101,45.5,4590,10.61,65,41.1,58.9,17.8,Conservative
Morley and Outwood,Yorkshire and the Humber,18776,18354,7951,1426,,1264,,,,,,,,,479,48250,Conservative,Labour,18776,18354,38.9,422,0.87,63.3,40.3,59.7,19.4,Conservative
Motherwell and Wishaw,Scotland,3695,15377,1289,601,27275,,,,,,,,,,,48237,SNP,Labour,27275,15377,56.5,11898,24.67,68.6,63.1,36.9,-26.2,SNP
Na h-Eileanan an Iar,Scotland,1215,4560,,456,8662,,,,,,,,,,1045,15938,SNP,Labour,8662,4560,54.3,4102,25.74,73.2,55.2,44.8,-10.4,SNP
Neath,Wales,5691,16270,6094,1173,,1185,,6722,,,,,,,,37135,Labour,Plaid Cymru,16270,6722,43.8,9548,25.71,66.2,45.8,54.2,8.4,Labour
New Forest East,South East England,27819,6018,8657,4626,,2327,,,,,,,,,,49447,Conservative,UKIP,27819,8657,56.3,19162,38.75,68,40.5,59.5,19,Conservative
New Forest West,South East England,28420,5133,7816,3293,,2748,,,,,,,,,,47410,Conservative,UKIP,28420,7816,59.9,20604,43.46,69.2,44.2,55.8,11.6,Conservative
Newark,East Midlands,29834,11360,6294,2385,,1792,,,,,,,,,637,52302,Conservative,Labour,29834,11360,57,18474,35.32,70.9,44.3,55.7,11.4,Conservative
Newbury,South East England,34973,4837,6195,8605,,2324,,,,,,,,,366,57300,Conservative,Liberal Democrat,34973,8605,61,26368,46.02,72.5,52.5,47.5,-5,Conservative
Newcastle upon Tyne Central,North East England,6628,19301,5214,2218,,1724,,,,,,,,,,35085,Labour,Conservative,19301,6628,55,12673,36.12,57.5,51.7,48.3,-3.4,Labour
Newcastle upon Tyne East,North East England,6884,19378,4910,4332,,3426,,,,,,,,,292,39222,Labour,Conservative,19378,6884,49.4,12494,31.85,52.9,58.9,41.1,-17.8,Labour
Newcastle upon Tyne North,North East England,10536,20689,7447,4366,,1515,,,,,,,,,338,44891,Labour,Conservative,20689,10536,46.1,10153,22.62,66.7,42.9,57.1,14.2,Labour
Newcastle-under-Lyme,West Midlands,15870,16520,7252,1826,,1246,,,,,,,,,283,42997,Labour,Conservative,16520,15870,38.4,650,1.51,64.4,38.4,61.6,23.2,Labour
Newport East,Wales,9585,14290,6466,2251,,887,,1231,,,,,,,398,35108,Labour,Conservative,14290,9585,40.7,4705,13.4,62.7,39.8,60.2,20.4,Labour
Newport West,Wales,13123,16633,6134,1581,,1272,,1604,,,,,,,,40347,Labour,Conservative,16633,13123,41.2,3510,8.7,64.9,47,53,6,Labour
Newry and Armagh,Northern Ireland,210,,,,,,,,20488,16312,12026,841,,,,49877,Sinn Fein,Ulster Unionist,20488,16312,41.1,4176,8.37,64.2,62.9,37.1,-25.8,Sinn Fein
Newton Abbot,South West England,22794,4736,6726,11506,,2216,,,,,,,,,221,48199,Conservative,Liberal Democrat,22794,11506,47.3,11288,23.42,69.1,43.9,56.1,12.2,Conservative
"Normanton, Pontefract and Castleford",Yorkshire and the Humber,9569,25213,9785,1330,,,,,,,,,,,,45897,Labour,UKIP,25213,9785,54.9,15428,33.61,55.6,30.7,69.3,38.6,Labour
North Antrim,Northern Ireland,368,,1341,,,,18107,,5143,5054,2925,2351,,,6618,41907,Democratic Unionist,Others,18107,6618,43.2,11489,27.42,55.2,37.8,62.2,24.4,Democratic Unionist
North Ayrshire and Arran,Scotland,7968,15068,1296,896,28641,,,,,,,,,,,53869,SNP,Labour,28641,15068,53.2,13573,25.2,71.1,57.8,42.2,-15.6,SNP
North Cornwall,South West England,21689,2621,6121,15068,,2063,,,,,,,,,683,48245,Conservative,Liberal Democrat,21689,15068,45,6621,13.72,,40.5,59.5,19,Conservative
North Devon,South West England,22341,3699,7719,15405,,3018,,,,,,,,,138,52320,Conservative,Liberal Democrat,22341,15405,42.7,6936,13.26,70,43,57,14,Conservative
North Dorset,South West England,30227,4785,9109,6226,,3038,,,,,,,,,,53385,Conservative,UKIP,30227,9109,56.6,21118,39.56,71.6,43.6,56.4,12.8,Conservative
North Down,Northern Ireland,1593,,1482,,,1958,8487,,273,,355,3086,17689,,1024,35947,Independent,Democratic Unionist,17689,8487,49.2,9202,25.6,56,52.4,47.6,-4.8,Independent
North Durham,North East England,8403,22047,6404,2046,,1246,,,,,,,,,,40146,Labour,Conservative,22047,8403,54.9,13644,33.99,61.4,39.9,60.1,20.2,Labour
North East Bedfordshire,East of England,34891,9247,8579,3418,,2537,,,,,,,,,,58672,Conservative,Labour,34891,9247,59.5,25644,43.71,70.2,46.8,53.2,6.4,Conservative
North East Cambridgeshire,East of England,28524,7476,11650,2314,,1816,,,,,,,,,,51780,Conservative,UKIP,28524,11650,55.1,16874,32.59,62.4,30.6,69.4,38.8,Conservative
North East Derbyshire,East Midlands,17605,19488,7631,2004,,1059,,,,,,,,,161,47948,Labour,Conservative,19488,17605,40.6,1883,3.93,67.1,37.9,62.1,24.2,Conservative
North East Fife,Scotland,7373,3476,,14179,18523,1387,,,,,,,325,,,45263,SNP,Liberal Democrat,18523,14179,40.9,4344,9.6,73,61.9,38.1,-23.8,SNP
North East Hampshire,South East England,35573,5290,4732,5657,,2364,,,,,,,,,384,54000,Conservative,Liberal Democrat,35573,5657,65.9,29916,55.4,72.9,54.1,45.9,-8.2,Conservative
North East Hertfordshire,East of England,28949,9869,6728,3952,,2789,,,,,,,,,,52287,Conservative,Labour,28949,9869,55.4,19080,36.49,70.7,48.7,51.3,2.6,Conservative
North East Somerset,South West England,25439,12690,6150,4029,,2802,,,,,,,,,,51110,Conservative,Labour,25439,12690,49.8,12749,24.94,73.7,47.9,52.1,4.2,Conservative
North Herefordshire,West Midlands,26716,5478,6720,5768,,3341,,,,,,,,,,48023,Conservative,UKIP,26716,6720,55.6,19996,41.64,72,41.8,58.2,16.4,Conservative
North Norfolk,East of England,15256,5043,8328,19299,,1488,,,,,,,,,,49414,Liberal Democrat,Conservative,19299,15256,39.1,4043,8.18,71.7,41.8,58.2,16.4,Liberal Democrat
North Shropshire,West Midlands,27041,10547,9262,3148,,2575,,,,,,,,,,52573,Conservative,Labour,27041,10547,51.4,16494,31.37,66.6,40.6,59.4,18.8,Conservative
North Somerset,South West England,31540,8441,7669,7486,,3806,,,,,,,,,,58942,Conservative,Labour,31540,8441,53.5,23099,39.19,73.6,52.1,47.9,-4.2,Conservative
North Swindon,South West England,26295,14509,8011,1704,,1723,,,,,,,,,,52242,Conservative,Labour,26295,14509,50.3,11786,22.56,64.5,42.6,57.4,14.8,Conservative
North Thanet,South East England,23045,8411,12097,1645,,1719,,,,,,,,,136,47053,Conservative,UKIP,23045,12097,49,10948,23.27,66.7,35.1,64.9,29.8,Conservative
North Tyneside,North East England,8997,26191,7618,2075,,1442,,,,,,,,,495,46818,Labour,Conservative,26191,8997,55.9,17194,36.73,59,40.7,59.3,18.6,Labour
North Warwickshire,West Midlands,20042,17069,8256,978,,894,,,,,,,,,138,47377,Conservative,Labour,20042,17069,42.3,2973,6.28,67.5,32.3,67.7,35.4,Conservative
North Wiltshire,South West England,28938,4930,5813,7892,,2350,,,,,,,,,633,50556,Conservative,Liberal Democrat,28938,7892,57.2,21046,41.63,74.5,49.7,50.3,0.6,Conservative
Northampton North,East Midlands,16699,13454,6354,1401,,1503,,,,,,,,,,39411,Conservative,Labour,16699,13454,42.4,3245,8.23,66.6,39.4,60.6,21.2,Conservative
Northampton South,East Midlands,16163,12370,7114,1673,,1403,,,,,,,,,161,38884,Conservative,Labour,16163,12370,41.6,3793,9.75,63.4,40.4,59.6,19.2,Conservative
Norwich North,East of England,19052,14589,5986,1894,,1939,,,,,,,,,132,43592,Conservative,Labour,19052,14589,43.7,4463,10.24,66.9,42.7,57.3,14.6,Conservative
Norwich South,East of England,11379,19033,4539,6607,,6749,,,,,,,,,156,48463,Labour,Conservative,19033,11379,39.3,7654,15.79,64.7,59.8,40.2,-19.6,Labour
Nottingham East,East Midlands,7314,19208,3501,1475,,3473,,,,,,,,,238,35209,Labour,Conservative,19208,7314,54.6,11894,33.78,58.2,57.1,42.9,-14.2,Labour
Nottingham North,East Midlands,7423,19283,6542,847,,1088,,,,,,,,,160,35343,Labour,Conservative,19283,7423,54.6,11860,33.56,53.6,36.2,63.8,27.6,Labour
Nottingham South,East Midlands,13761,20697,4900,1532,,2345,,,,,,,,,230,43465,Labour,Conservative,20697,13761,47.6,6936,15.96,63,53.5,46.5,-7,Labour
Nuneaton,West Midlands,20827,15945,6582,816,,1281,,,,,,,,,298,45749,Conservative,Labour,20827,15945,45.5,4882,10.67,67.2,35.3,64.7,29.4,Conservative
North West Cambridgeshire,East of England,32070,10927,12275,3479,,2159,,,,,,,,,190,61100,Conservative,UKIP,32070,12275,52.5,19795,32.4,66.6,43.1,56.9,13.8,Conservative
North West Durham,North East England,10018,20074,7265,3894,,1567,,,,,,,,,,42818,Labour,Conservative,20074,10018,46.9,10056,23.49,61.3,45.1,54.9,9.8,Labour
North West Hampshire,South East England,32052,7342,8109,5151,,2541,,,,,,,,,,55195,Conservative,UKIP,32052,8109,58.1,23943,43.38,69.7,45.5,54.5,9,Conservative
North West Leicestershire,East Midlands,25505,14132,8704,2033,,1174,,,,,,,,,,51548,Conservative,Labour,25505,14132,49.5,11373,22.06,71.4,39.3,60.7,21.4,Conservative
North West Norfolk,East of England,24727,10779,8412,1673,,1780,,,,,,,,,,47371,Conservative,Labour,24727,10779,52.2,13948,29.44,65.4,33.9,66.1,32.2,Conservative
Ochil and South Perthshire,Scotland,11987,16452,1331,1481,26620,,,,,,,,,,,57871,SNP,Labour,26620,16452,46,10168,17.57,74.8,60.8,39.2,-21.6,Conservative
Ogmore,Wales,5620,18663,5420,1072,,754,,3556,,,,,,,165,35250,Labour,Conservative,18663,5620,52.9,13043,37,63.7,40.3,59.7,19.4,Labour
Old Bexley and Sidcup,London,24682,8879,8528,1644,,1336,,,,,,,1216,,463,46748,Conservative,Labour,24682,8879,52.8,15803,33.8,70.8,36.8,63.1,26.3,Conservative
Oldham East and Saddleworth,North West England,11527,17529,8557,5718,,1152,,,,,,,,,,44483,Labour,Conservative,17529,11527,39.4,6002,13.49,61.8,40.1,59.9,19.8,Labour
Oldham West and Royton,North West England,8187,23630,8892,1589,,839,,,,,,,,,,43137,Labour,UKIP,23630,8892,54.8,14738,34.17,59.6,37.9,62.1,24.2,Labour
Orkney and Shetland,Scotland,2025,1624,1082,9407,8590,,,,,,,,,,,22728,Liberal Democrat,SNP,9407,8590,41.4,817,3.59,65.8,59.7,40.3,-19.4,Liberal Democrat
Orpington,London,28152,7645,8173,3330,,1732,,,,,,,,,,49032,Conservative,UKIP,28152,8173,57.4,19979,40.75,72,42.5,57.5,15,Conservative
Oxford East,South East England,10076,25356,3451,5453,,5890,,,,,,,,,463,50689,Labour,Conservative,25356,10076,50,15280,30.14,64.2,67.7,32.3,-35.4,Labour
Oxford West and Abingdon,South East England,26153,7274,3963,16571,,2497,,,,,,,,,789,57247,Conservative,Liberal Democrat,26153,16571,45.7,9582,16.74,71.8,61.9,38.1,-23.8,Liberal Democrat
Paisley and Renfrewshire North,Scotland,6183,16525,,1055,25601,703,,,,,,,,,395,50462,SNP,Labour,25601,16525,50.7,9076,17.99,76.2,64,36,-28,SNP
Paisley and Renfrewshire South,Scotland,3526,17864,,1010,23548,,,,,,,,,,278,46226,SNP,Labour,23548,17864,50.9,5684,12.3,75.4,65.9,34.1,-31.8,SNP
Pendle,North West England,20978,15525,5415,1487,,1043,,,,,,,,,,44448,Conservative,Labour,20978,15525,47.2,5453,12.27,68.7,36.8,63.2,26.4,Conservative
Penistone and Stocksbridge,Yorkshire and the Humber,12968,19691,10738,2957,,,,,,,,,,,500,46854,Labour,Conservative,19691,12968,42,6723,14.35,65.9,38.7,61.3,22.6,Labour
Penrith and The Border,North West England,26202,6308,5353,3745,,2313,,,,,,,,,,43921,Conservative,Labour,26202,6308,59.7,19894,45.29,67.4,44.7,55.3,10.6,Conservative
Perth and North Perthshire,Scotland,17738,4413,1110,2059,27379,1146,,,,,,,355,,,54200,SNP,Conservative,27379,17738,50.5,9641,17.79,74.8,59.9,40.1,-19.8,SNP
Peterborough,East of England,18684,16759,7485,1774,,1218,,,,,,,,,1155,47075,Conservative,Labour,18684,16759,39.7,1925,4.09,64.9,37.9,62.1,24.2,Labour
Plymouth Moor View,South West England,16020,14994,9152,1265,,1023,,,,,,,,,152,42606,Conservative,Labour,16020,14994,37.6,1026,2.41,62.6,33.6,66.4,32.8,Conservative
Plymouth Sutton and Devonport,South West England,18120,17597,6731,2008,,3401,,,,,,,,,106,47963,Conservative,Labour,18120,17597,37.8,523,1.09,65.3,45.6,54.4,8.8,Labour
Pontypridd,Wales,6569,15554,5085,4904,,992,,4348,,,,,,,430,37882,Labour,Conservative,15554,6569,41.1,8985,23.72,64.3,54.2,45.8,-8.4,Labour
Poole,South West England,23745,6102,7956,5572,,2198,,,,,,,,,1820,47393,Conservative,UKIP,23745,7956,50.1,15789,33.32,65.3,43.1,56.9,13.8,Conservative
Poplar and Limehouse,London,12962,29886,3128,2149,,2463,,,,,,,,,456,51044,Labour,Conservative,29886,12962,58.5,16924,33.16,62.2,65.9,34.1,-31.8,Labour
Portsmouth North,South East England,21343,10806,8660,2828,,1450,,,,,,,,,303,45390,Conservative,Labour,21343,10806,47,10537,23.21,62.1,36.4,63.6,27.2,Conservative
Portsmouth South,South East England,14585,8184,5595,9344,,3145,,,,,,,716,,334,41903,Conservative,Liberal Democrat,14585,9344,34.8,5241,12.51,58.5,48.2,51.8,3.6,Labour
Preseli Pembrokeshire,Wales,16383,11414,4257,780,,1452,,2518,,,,,3729,,23,40556,Conservative,Labour,16383,11414,40.4,4969,12.25,70.7,44.3,55.7,11.4,Conservative
Preston,North West England,6688,18755,5139,1244,,1643,,,,,,,,,,33469,Labour,Conservative,18755,6688,56,12067,36.05,55.8,43.2,56.8,13.6,Labour
Pudsey,Yorkshire and the Humber,23637,19136,4689,1926,,1539,,,,,,,,,,50927,Conservative,Labour,23637,19136,46.4,4501,8.84,72.2,51.7,48.3,-3.4,Conservative
Putney,London,23018,12838,1989,2717,,2067,,,,,,,,,184,42813,Conservative,Labour,23018,12838,53.8,10180,23.78,67,73.2,26.8,-46.4,Conservative
Rayleigh and Wickford,East of England,29088,6705,11858,1622,,1529,,,,,,,,,2418,53220,Conservative,UKIP,29088,11858,54.7,17230,32.38,68.3,32.2,67.8,35.6,Conservative
Reading East,South East England,23217,16697,3647,3719,,3214,,,,,,,,,,50494,Conservative,Labour,23217,16697,46,6520,12.91,67.6,61.8,38.2,-23.6,Labour
Reading West,South East England,23082,16432,4826,2355,,1406,,,,,,,,,303,48404,Conservative,Labour,23082,16432,47.7,6650,13.74,66.9,47.4,52.6,5.2,Conservative
Redcar,North East England,6630,17946,7516,7558,,880,,,,,,,,,389,40919,Labour,Liberal Democrat,17946,7558,43.9,10388,25.39,63.1,32.5,67.5,35,Labour
Redditch,West Midlands,20771,13717,7133,1349,,960,,,,,,,,,168,44098,Conservative,Labour,20771,13717,47.1,7054,16,67.3,38.6,61.4,22.8,Conservative
Reigate,South East England,29151,6578,6817,5369,,3434,,,,,,,,,,51349,Conservative,UKIP,29151,6817,56.8,22334,43.49,69.9,52.3,47.7,-4.6,Conservative
Rhondda,Wales,2116,15976,3998,474,,453,,8521,,,,,,,,31538,Labour,Plaid Cymru,15976,8521,50.7,7455,23.64,60.9,38.8,61.2,22.4,Labour
Ribble Valley,North West England,25404,11798,8250,2756,,2193,,,,,,,,,1842,52243,Conservative,Labour,25404,11798,48.6,13606,26.04,67.1,41.4,58.6,17.2,Conservative
Richmond (Yorks),Yorkshire and the Humber,27744,7124,8194,3465,,2313,,,,,,,3348,,1811,53999,Conservative,UKIP,27744,8194,51.4,19550,36.2,64.7,45.4,54.6,9.2,Conservative
Richmond Park,London,34404,7296,2464,11389,,3548,,,,,,,,,,59101,Conservative,Liberal Democrat,34404,11389,58.2,23015,38.94,76.5,73.3,27.7,-45.6,Conservative
Rochdale,North West England,7742,20961,8519,4667,,1382,,,,,,,1535,,624,45430,Labour,UKIP,20961,8519,46.1,12442,27.39,57.4,42.5,57.5,15,Labour
Rochester and Strood,South East England,23142,10396,16009,1251,,1516,,,,,,,,,202,52516,Conservative,UKIP,23142,16009,44.1,7133,13.58,66.5,36.3,63.7,27.4,Conservative
Rochford and Southend East,East of England,20241,10765,8948,1459,,2195,,,,,,,,,,43608,Conservative,Labour,20241,10765,46.4,9476,21.73,60.6,39.6,60.4,20.8,Conservative
Romford,London,25067,10268,11208,1413,,1222,,,,,,,,,,49178,Conservative,UKIP,25067,11208,51,13859,28.18,67.7,30.8,69.2,38.4,Conservative
Romsey and Southampton North,South East England,26285,5749,5511,8573,,2280,,,,,,,,,,48398,Conservative,Liberal Democrat,26285,8573,54.3,17712,36.6,72.8,54.2,45.8,-8.4,Conservative
"Ross, Skye and Lochaber",Scotland,2598,2043,814,14995,20119,1051,,,,,,,191,,,41811,SNP,Liberal Democrat,20119,14995,48.1,5124,12.26,77.2,56.7,43.3,-13.4,SNP
Rossendale and Darwen,North West England,22847,17193,6862,806,,1046,,,,,,,,,270,49024,Conservative,Labour,22847,17193,46.6,5654,11.53,58.4,41.5,58.5,17,Conservative
Rother Valley,Yorkshire and the Humber,10945,20501,13204,1992,,,,,,,,,,,377,47019,Labour,UKIP,20501,13204,43.6,7297,15.52,63.3,33.3,66.7,33.4,Labour
Rotherham,Yorkshire and the Humber,4656,19860,11414,1093,,,,,,,,,,,800,37823,Labour,UKIP,19860,11414,52.5,8446,22.33,59.4,31.7,68.3,36.6,Labour
Rugby,West Midlands,24040,13695,6855,2776,,1415,,,,,,,,,225,49006,Conservative,Labour,24040,13695,49.1,10345,21.11,61.6,41.7,58.3,16.6,Conservative
"Ruislip, Northwood and Pinner",London,30521,10297,5598,2537,,1801,,,,,,,,,468,51222,Conservative,Labour,30521,10297,59.6,20224,39.48,70,51,49,-2,Conservative
Runnymede and Weybridge,South East England,29901,7767,6951,3362,,2071,,,,,,,,,,50052,Conservative,Labour,29901,7767,59.7,22134,44.22,67.9,50.2,49.8,-0.4,Conservative
Rushcliffe,East Midlands,28354,14525,5943,2783,,3559,,,,,,,,,,55164,Conservative,Labour,28354,14525,51.4,13829,25.07,75.3,58.7,41.3,-17.4,Conservative
Rutherglen and Hamilton West,Scotland,4350,20304,1301,1045,30279,,,,,,,,,,336,57615,SNP,Labour,30279,20304,52.6,9975,17.31,69.6,62.7,37.3,-25.4,Labour
Rutland and Melton,East Midlands,30383,8383,8678,4407,,2325,,,,,,,,,427,54603,Conservative,UKIP,30383,8678,55.6,21705,39.75,68.4,46.1,53.9,7.8,Conservative
Saffron Walden,East of England,32926,6791,7935,6079,,2174,,,,,,,,,1658,57563,Conservative,UKIP,32926,7935,57.2,24991,43.42,71.4,49.1,50.9,1.8,Conservative
Salford and Eccles,North West England,8823,21364,7806,1614,,2251,,,,,,,,,1403,43261,Labour,Conservative,21364,8823,49.4,12541,28.99,58.2,46.4,53.6,7.2,Labour
Salisbury,South West England,28192,7771,6152,5099,,2762,,,,,,,,,729,50705,Conservative,Labour,28192,7771,55.6,20421,40.27,72.9,49.7,50.3,0.6,Conservative
Scarborough and Whitby,Yorkshire and the Humber,20613,14413,8162,2159,,2185,,,,,,,,,207,47739,Conservative,Labour,20613,14413,43.2,6200,12.99,64.9,38.7,61.3,22.6,Conservative
Scunthorpe,Yorkshire and the Humber,12259,15393,6329,770,,887,,,,,,,1097,,206,36941,Labour,Conservative,15393,12259,41.7,3134,8.48,57.7,31,69,38,Labour
Sedgefield,North East England,11432,18275,6426,1370,,1213,,,,,,,,,,38716,Labour,Conservative,18275,11432,47.2,6843,17.67,61.6,41.1,58.9,17.8,Labour
South East Cambridgeshire,East of England,28845,9013,6593,12008,,3047,,,,,,,,,,59506,Conservative,Liberal Democrat,28845,12008,48.5,16837,28.29,70.4,55.1,44.9,-10.2,Conservative
South East Cornwall,South West England,25516,4692,7698,8521,0,2718,,,,,,,0,,1353,50498,Conservative,Liberal Democrat,25516,8521,50.5,16995,33.65,71.1,41.7,58.3,16.6,Conservative
Sefton Central,North West England,14513,26359,4879,2086,,1184,,,,,,,,,,49021,Labour,Conservative,26359,14513,53.8,11846,24.17,72.4,54.9,45.1,-9.8,Labour
Selby and Ainsty,Yorkshire and the Humber,27725,14168,7389,1920,,1465,,,,,,,,,137,52804,Conservative,Labour,27725,14168,52.5,13557,25.67,69.4,42.4,57.6,15.2,Conservative
Sevenoaks,South East England,28531,6448,8970,3937,,2238,,,,,,,,,,50124,Conservative,UKIP,28531,8970,56.9,19561,39.03,70.9,46.2,53.8,7.6,Conservative
Sheffield Central,Yorkshire and the Humber,4917,24308,3296,4278,,6999,,,,,,,,,375,44173,Labour,Green,24308,6999,55,17309,39.18,57.4,69.6,30.4,-39.2,Labour
Sheffield South East,Yorkshire and the Humber,7242,21439,9128,2226,,1117,,,,,,,,,533,41685,Labour,UKIP,21439,9128,51.4,12311,29.53,59.2,33.6,66.4,32.8,Labour
Sheffield Brightside and Hillsborough,Yorkshire and the Humber,4407,22663,8856,1802,,1712,,,,,,,,,613,40053,Labour,UKIP,22663,8856,56.6,13807,34.47,54.8,38.6,61.4,22.8,Labour
Sheffield Hallam,Yorkshire and the Humber,7544,19862,3575,22215,,1772,,,,,,,97,,416,55481,Liberal Democrat,Labour,22215,19862,40,2353,4.24,75.3,64.1,35.9,-28.2,Labour
Sheffield Heeley,Yorkshire and the Humber,6792,20269,7315,4746,,2566,,,,,,,,,360,42048,Labour,UKIP,20269,7315,48.2,12954,30.81,60.7,42.4,57.6,15.2,Labour
Sherwood,East Midlands,22833,18186,7399,1094,,1108,,,,,,,,,78,50698,Conservative,Labour,22833,18186,45,4647,9.17,69.1,36.3,63.7,27.4,Conservative
Shipley,Yorkshire and the Humber,25269,15645,4479,1949,,2657,,,,,,,,,543,50542,Conservative,Labour,25269,15645,50,9624,19.04,71.7,48.5,51.5,3,Conservative
Shrewsbury and Atcham,West Midlands,24628,15063,7813,4268,,2247,,,,,,,,,83,54102,Conservative,Labour,24628,15063,45.5,9565,17.68,70.8,47,53,6,Conservative
Sittingbourne and Sheppey,South East England,24425,9673,12257,1563,,1185,,,,,,,,,275,49378,Conservative,UKIP,24425,12257,49.5,12168,24.64,65,34.3,65.7,31.4,Conservative
Skipton and Ripon,Yorkshire and the Humber,30248,9487,7651,4057,,3116,,,,,,,,,,54559,Conservative,Labour,30248,9487,55.4,20761,38.05,71.6,47,53,6,Conservative
Sleaford and North Hykeham,East Midlands,34805,10690,9716,3500,,,,,,,,,,,3233,61944,Conservative,Labour,34805,10690,56.2,24115,38.93,70.2,38.5,61.5,23,Conservative
Slough,South East England,16085,23421,6274,1275,,1220,,,,,,,,,,48275,Labour,Conservative,23421,16085,48.5,7336,15.2,55.9,46.1,53.9,7.8,Labour
Solihull,West Midlands,26956,5693,6361,14054,,1632,,,,,,,,,83,54779,Conservative,Liberal Democrat,26956,14054,49.2,12902,23.55,70.9,46.7,53.3,6.6,Conservative
Somerton and Frome,South West England,31960,4419,6439,11692,,5434,,,,,,,,,365,60309,Conservative,Liberal Democrat,31960,11692,53,20268,33.61,72.2,49.1,50.9,1.8,Conservative
South Antrim,Northern Ireland,415,,,,,,10993,,4699,11942,2990,3576,,,1908,36523,Ulster Unionist,Democratic Unionist,11942,10993,32.7,949,2.6,54.2,49.4,50.6,1.2,Democratic Unionist
South Basildon and East Thurrock,East of England,19788,11493,12097,1356,,,,,,,,,606,,253,45593,Conservative,UKIP,19788,12097,43.4,7691,16.87,62.3,27,73,46,Conservative
South Cambridgeshire,East of England,31454,10860,6010,9368,,3848,,,,,,,,,,61540,Conservative,Labour,31454,10860,51.1,20594,33.46,73.1,61.6,38.4,-23.2,Conservative
South Derbyshire,East Midlands,25066,13595,8998,1887,,1216,,,,,,,,,,50762,Conservative,Labour,25066,13595,49.4,11471,22.6,68.2,39.7,60.3,20.6,Conservative
South Dorset,South West England,23756,11762,7304,2901,,2275,,,,,,,,,599,48597,Conservative,Labour,23756,11762,48.9,11994,24.68,67.5,40.6,59.4,18.8,Conservative
South Down,Northern Ireland,318,,3044,,,,3486,,12186,3964,18077,1622,,,,42697,SDLP,Sinn Fein,18077,12186,42.3,5891,13.8,56.8,67.2,32.8,-34.4,Sinn Fein
South Holland and The Deepings,East Midlands,29303,6122,10736,1466,,1580,,,,,,,,,,49207,Conservative,UKIP,29303,10736,59.6,18567,37.73,63.9,28.9,71.1,42.2,Conservative
South Leicestershire,East Midlands,28700,11876,9363,3987,,,,,,,,,,,,53926,Conservative,Labour,28700,11876,53.2,16824,31.2,70.1,41.8,58.2,16.4,Conservative
South Norfolk,East of England,30995,10502,7847,4689,,3090,,,,,,,,,,57123,Conservative,Labour,30995,10502,54.3,20493,35.88,72.4,48.9,51.1,2.2,Conservative
South Northamptonshire,East Midlands,36607,10191,8204,3613,,2247,,,,,,,,,,60862,Conservative,Labour,36607,10191,60.1,26416,43.4,71.5,47.4,52.6,5.2,Conservative
South Ribble,North West England,24313,18368,7377,2312,,,,,,,,,,,,52370,Conservative,Labour,24313,18368,46.4,5945,11.35,68.5,43.2,56.8,13.6,Conservative
South Shields,North East England,6021,18589,7975,639,,1614,,,,,,,1427,,,36265,Labour,UKIP,18589,7975,51.3,10614,29.27,57.8,37.9,62.1,24.2,Labour
South Staffordshire,West Midlands,29478,9107,8267,1448,,1298,,,,,,,,,,49598,Conservative,Labour,29478,9107,59.4,20371,41.07,58.9,34.8,65.2,30.4,Conservative
South Suffolk,East of England,27546,10001,7897,4044,,2253,,,,,,,,,166,51907,Conservative,Labour,27546,10001,53.1,17545,33.8,70.9,45.9,54.1,8.2,Conservative
South Swindon,South West England,22777,16992,5920,1817,,1757,,,,,,,,,,49263,Conservative,Labour,22777,16992,46.2,5785,11.74,66.6,48.5,51.5,3,Conservative
South Thanet,South East England,18838,11740,16026,932,,1076,,,,,,,61,,728,49401,Conservative,UKIP,18838,16026,38.1,2812,5.69,70.4,38.4,61.6,23.2,Conservative
Southampton Itchen,South East England,18656,16340,6010,1595,,1876,,,,,,,,,233,44710,Conservative,Labour,18656,16340,41.7,2316,5.18,61.8,40.1,59.9,19.8,Conservative
Southampton Test,South East England,14207,18017,5566,2121,,2568,,,,,,,,,1173,43652,Labour,Conservative,18017,14207,41.3,3810,8.73,62.1,49.4,50.6,1.2,Labour
Southend West,East of England,22175,8154,7803,4129,,2083,,,,,,,,,165,44509,Conservative,Labour,22175,8154,49.8,14021,31.5,66.6,45,55,10,Conservative
Southport,North West England,12330,8468,7429,13652,,1230,,,,,,,,,992,44101,Liberal Democrat,Conservative,13652,12330,31,1322,3,65.5,54.5,45.5,-9,Conservative
Spelthorne,South East England,24386,9114,10234,3163,,1724,,,,,,,,,458,49079,Conservative,UKIP,24386,10234,49.7,14152,28.84,68.6,39.7,60.3,20.6,Conservative
St Albans,East of England,25392,12660,4271,10076,,2034,,,,,,,,,,54433,Conservative,Labour,25392,12660,46.6,12732,23.39,75.1,62.6,37.4,-25.2,Conservative
St Austell and Newquay,South West England,20250,5150,8503,12077,,2318,,,,,,,,,2063,50361,Conservative,Liberal Democrat,20250,12077,40.2,8173,16.23,65.7,37.6,62.4,24.8,Conservative
St Helens North,North West England,9087,26378,6983,2046,,1762,,,,,,,,,,46256,Labour,Conservative,26378,9087,57,17291,37.38,61.5,41.8,58.2,16.4,Labour
St Helens South and Whiston,North West England,7707,28950,6766,2737,,2237,,,,,,,,,,48397,Labour,Conservative,28950,7707,59.8,21243,43.89,62.3,43.9,56.1,12.2,Labour
St Ives,South West England,18491,4510,5720,16022,,3051,,,,,,,,,518,48312,Conservative,Liberal Democrat,18491,16022,38.3,2469,5.11,73.7,45.8,54.2,8.4,Conservative
Stafford,West Midlands,23606,14429,6293,1348,,1390,,,,,,,1701,,,48767,Conservative,Labour,23606,14429,48.4,9177,18.82,71,42.8,57.2,14.4,Conservative
Staffordshire Moorlands,West Midlands,21770,11596,6236,1759,,1226,,,,,,,,,,42587,Conservative,Labour,21770,11596,51.1,10174,23.89,67.5,35.5,64.5,29,Conservative
Stalybridge and Hyde,North West England,11761,18447,7720,1256,,1850,,,,,,,,,,41034,Labour,Conservative,18447,11761,45,6686,16.29,59.4,40.7,59.3,18.6,Labour
Stevenage,East of England,21291,16336,6864,1582,,1369,,,,,,,,,357,47799,Conservative,Labour,21291,16336,44.5,4955,10.37,67.7,42.9,57.1,14.2,Conservative
Stirling,Scotland,12051,13303,,1392,23783,1606,,,,,,,,,,52135,SNP,Labour,23783,13303,45.6,10480,20.1,77.5,67.7,32.3,-35.4,Conservative
Stockport,North West England,9710,19771,5206,3034,,1753,,,,,,,,,175,39649,Labour,Conservative,19771,9710,49.9,10061,25.38,62,53.2,46.8,-6.4,Labour
Stockton North,North East England,11069,19436,7581,884,,,,,,,,,,,601,39571,Labour,Conservative,19436,11069,49.1,8367,21.14,59.8,33.5,66.5,33,Labour
Stockton South,North East England,24221,19175,5480,1366,,952,,,,,,,,,603,51797,Conservative,Labour,24221,19175,46.8,5046,9.74,69,42.2,57.8,15.6,Labour
Stoke-on-Trent Central,West Midlands,7008,12220,7041,1296,,1123,,,,,,,2120,,276,31084,Labour,UKIP,12220,7041,39.3,5179,16.66,49.9,35,65,30,Labour
Stoke-on-Trent North,West Midlands,10593,15429,9542,1137,,1091,,,,,,,,,862,38654,Labour,Conservative,15429,10593,39.9,4836,12.51,53.2,27.9,72.1,44.2,Labour
Stoke-on-Trent South,West Midlands,12780,15319,8298,1309,,1029,,,,,,,,,372,39107,Labour,Conservative,15319,12780,39.2,2539,6.49,56.9,29.2,70.8,41.6,Conservative
Stone,West Midlands,25733,9483,7620,2473,,1191,,,,,,,,,531,47031,Conservative,Labour,25733,9483,54.7,16250,34.55,69.8,42,58,16,Conservative
Stourbridge,West Midlands,21195,14501,7774,1538,,1021,,,,,,,,,,46029,Conservative,Labour,21195,14501,46,6694,14.54,66.6,36.4,63.6,27.2,Conservative
Strangford,Northern Ireland,2167,,2237,,,,15053,,876,4868,2335,4687,,,1701,33924,Democratic Unionist,Ulster Unionist,15053,4868,44.4,10185,30.02,52.8,44.5,55.5,11,Democratic Unionist
Stratford-on-Avon,West Midlands,29674,6677,6798,6182,,2128,,,,,,,,,,51459,Conservative,UKIP,29674,6798,57.7,22876,44.45,72.6,48.9,51.1,2.2,Conservative
Streatham,London,12540,26474,1602,4491,,4421,,,,,,,,,405,49933,Labour,Conservative,26474,12540,53,13934,27.91,63.5,79.5,20.5,-59,Labour
Stretford and Urmston,North West England,12916,24601,5068,1362,,2187,,,,,,,,,252,46386,Labour,Conservative,24601,12916,53,11685,25.19,66.8,51.6,48.4,-3.2,Labour
Stroud,South West England,27813,22947,4848,2086,,2779,,,,,,,,,346,60819,Conservative,Labour,27813,22947,45.7,4866,8,75.5,54.1,45.9,-8.2,Labour
Suffolk Coastal,East of England,28855,10013,8655,4777,,3294,,,,,,,,,,55594,Conservative,Labour,28855,10013,51.9,18842,33.89,71.7,44.2,55.8,11.6,Conservative
Sunderland Central,North East England,9780,20959,7997,1105,,1706,,,,,,,,,215,41762,Labour,Conservative,20959,9780,50.2,11179,26.77,57.3,40,60,20,Labour
Surrey Heath,South East England,32582,6100,7778,4937,,2400,,,,,,,,,634,54431,Conservative,UKIP,32582,7778,59.9,24804,45.57,68.5,48.1,51.9,3.8,Conservative
Sutton and Cheam,London,20732,5546,5341,16811,,1051,,,,,,,,,424,49905,Conservative,Liberal Democrat,20732,16811,41.5,3921,7.86,72.2,48.8,51.2,2.4,Conservative
Sutton Coldfield,West Midlands,27782,11365,7489,2627,,1426,,,,,,,,,165,50854,Conservative,Labour,27782,11365,54.6,16417,32.28,67.8,48.3,51.7,3.4,Conservative
Swansea East,Wales,5142,17807,5779,1392,,,,3498,,,,,,,,33618,Labour,UKIP,17807,5779,53,12028,35.78,58,38,62,24,Labour
Swansea West,Wales,7931,14967,4744,3178,,1784,,2266,,,,,78,,208,35156,Labour,Conservative,14967,7931,42.6,7036,20.01,59.8,57.4,42.6,-14.8,Labour
South West Bedfordshire,East of England,28212,10399,7941,2646,,2106,,,,,,,,,,51304,Conservative,Labour,28212,10399,55,17813,34.72,64.4,41.4,58.6,17.2,Conservative
South West Devon,South West England,28500,8391,7306,3767,,2408,,,,,,,,,,50372,Conservative,Labour,28500,8391,56.6,20109,39.92,70.9,44.8,55.2,10.4,Conservative
South West Hertfordshire,East of England,32608,9345,6603,5872,,2583,,,,,,,,,256,57267,Conservative,Labour,32608,9345,56.9,23263,40.62,71.9,53.7,46.3,-7.4,Conservative
South West Norfolk,East of England,25515,8649,11654,2217,,2075,,,,,,,,,,50110,Conservative,UKIP,25515,11654,50.9,13861,27.66,65.1,33.8,66.2,32.4,Conservative
South West Surrey,South East England,34199,5415,5643,3586,,3105,,,,,,,4851,,320,57119,Conservative,UKIP,34199,5643,50.4,28556,49.99,74.1,59.4,40.6,-18.8,Conservative
South West Wiltshire,South West England,27198,6948,9030,5482,,2985,,,,,,,,,,51643,Conservative,UKIP,27198,9030,52.7,18168,35.18,70.7,42.4,57.6,15.2,Conservative
Tamworth,West Midlands,23606,12304,8727,1427,,1110,,,,,,,,,,47174,Conservative,Labour,23606,12304,50,11302,23.96,65.6,34,66,32,Conservative
Tatton,North West England,26552,8311,4871,3850,,1714,,,,,,,,,,45298,Conservative,Labour,26552,8311,58.6,18241,40.27,70.2,54.2,45.8,-8.4,Conservative
Taunton Deane,South West England,27849,5347,6921,12358,,2630,,,,,,,2568,,214,57887,Conservative,Liberal Democrat,27849,12358,48.1,15491,26.76,70.7,47.1,52.9,5.8,Conservative
Telford,West Midlands,16094,15364,7330,927,,930,,,,,,,,,,40645,Conservative,Labour,16094,15364,39.6,730,1.8,61.4,33,67,34,Conservative
Tewkesbury,South West England,30176,8204,7128,7629,,2207,,,,,,,,,,55344,Conservative,Labour,30176,8204,54.5,21972,39.7,70.5,46.3,53.7,7.4,Conservative
The Cotswolds,South West England,32045,5240,6188,10568,,2626,,,,,,,,,,56667,Conservative,Liberal Democrat,32045,10568,56.5,21477,37.9,72.4,52.3,47.7,-4.6,Conservative
The Wrekin,West Midlands,22579,11836,7620,1959,,1443,,,,,,,,,,45437,Conservative,Labour,22579,11836,49.7,10743,23.64,68.9,41.8,58.2,16.4,Conservative
Thirsk and Malton,Yorkshire and the Humber,27545,8089,7805,4703,,2404,,,,,,,,,1819,52365,Conservative,Labour,27545,8089,52.6,19456,37.15,67.6,43.6,56.4,12.8,Conservative
Thornbury and Yate,South West England,19924,3775,5126,18429,,1316,,,,,,,,,,48570,Conservative,Liberal Democrat,19924,18429,41,1495,3.08,73.7,46.7,53.3,6.6,Conservative
Thurrock,East of England,16692,16156,15718,644,,,,,,,,,,,354,49564,Conservative,Labour,16692,16156,33.7,536,1.08,63.9,29.8,70.2,40.4,Conservative
Tiverton and Honiton,South West England,29030,6835,8857,5626,,3415,,,,,,,,,,53763,Conservative,UKIP,29030,8857,54,20173,37.52,70.5,42.4,57.6,15.2,Conservative
Tonbridge and Malling,South East England,31887,7604,8153,3660,,2366,,,,,,,,,,53670,Conservative,UKIP,31887,8153,59.4,23734,44.22,71.7,47.5,52.5,5,Conservative
Tooting,London,22421,25263,1537,2107,,2201,,,,,,,,,,53529,Labour,Conservative,25263,22421,47.2,2842,5.31,69.7,74.7,25.3,-49.4,Labour
Torbay,South West England,19551,4166,6540,16265,,1557,,,,,,,,,,48079,Conservative,Liberal Democrat,19551,16265,40.7,3286,6.83,63,37.4,62.6,25.2,Conservative
Torfaen,Wales,8769,16938,7203,1271,,746,,2169,,,,,,,841,37937,Labour,Conservative,16938,8769,44.6,8169,21.53,61.3,39.2,60.8,21.6,Labour
Torridge and West Devon,South West England,28774,6015,10371,7483,,3941,,,,,,,,,,56584,Conservative,UKIP,28774,10371,50.9,18403,32.52,72,43,57,14,Conservative
Totnes,South West England,24941,5988,6656,4667,,4845,,,,,,,,,,47097,Conservative,UKIP,24941,6656,53,18285,38.82,68.6,46,54,8,Conservative
Tottenham,London,5090,28654,1512,1756,,3931,,,,,,,1324,,291,42558,Labour,Conservative,28654,5090,67.3,23564,55.37,60.1,76.2,23.8,-52.4,Labour
Truro and Falmouth,South West England,22681,7814,5967,8681,,4483,,,,,,,,,1918,51544,Conservative,Liberal Democrat,22681,8681,44,14000,27.16,70,52.9,47.1,-5.8,Conservative
Tunbridge Wells,South East England,30181,7307,6481,4342,,2659,,,,,,,,,458,51428,Conservative,Labour,30181,7307,58.7,22874,44.48,70,55.3,44.7,-10.6,Conservative
Twickenham,London,25580,7129,3069,23563,,2463,,,,,,,,,200,62004,Conservative,Liberal Democrat,25580,23563,41.3,2017,3.25,77.3,66.4,33.6,-32.8,Liberal Democrat
Tynemouth,North East England,17551,25791,6541,1595,,2017,,,,,,,,,,53495,Labour,Conservative,25791,17551,48.2,8240,15.4,69,52.2,47.8,-4.4,Labour
Upper Bann,Northern Ireland,201,,,,,,15430,,11593,13166,4238,1780,,,811,47219,Democratic Unionist,Ulster Unionist,15430,13166,32.7,2264,4.79,59,47.4,52.6,5.2,Democratic Unionist
Uxbridge and South Ruislip,London,22511,11816,6346,2215,,1414,,,,,,,,,509,44811,Conservative,Labour,22511,11816,50.2,10695,23.87,63.4,43.7,56.3,12.6,Conservative
Vale of Clwyd,Wales,13760,13523,4577,915,,,,2486,,,,,,,,35261,Conservative,Labour,13760,13523,39,237,0.67,62.4,44.1,55.9,11.8,Labour
Vale of Glamorgan,Wales,23607,16727,5489,1309,,1054,,2869,,,,,,,238,51293,Conservative,Labour,23607,16727,46,6880,13.41,71.1,47.7,52.3,4.6,Conservative
Vauxhall,London,13070,25778,1385,3312,,3658,,,,,,,,,738,47941,Labour,Conservative,25778,13070,53.8,12708,26.51,58.7,77.6,22.4,-55.2,Labour
Wakefield,Yorkshire and the Humber,14688,17301,7862,1483,,1069,,,,,,,,,570,42973,Labour,Conservative,17301,14688,40.3,2613,6.08,60.9,37.4,62.6,25.2,Labour
Wallasey,North West England,9828,26176,5063,1011,,1288,,,,,,,,,,43366,Labour,Conservative,26176,9828,60.4,16348,37.7,66.2,50.1,49.9,-0.2,Labour
Walsall North,West Midlands,12455,14392,8122,840,,529,,,,,,,,,554,36892,Labour,Conservative,14392,12455,39,1937,5.25,55,25.8,74.2,48.4,Conservative
Walsall South,West Midlands,13733,19740,6540,676,,1149,,,,,,,,,,41838,Labour,Conservative,19740,13733,47.2,6007,14.36,61.8,38.4,61.6,23.2,Labour
Walthamstow,London,5584,28779,2507,1661,,2661,,,,,,,,,604,41796,Labour,Conservative,28779,5584,68.9,23195,55.5,62.1,66.5,33.5,-33,Labour
Wansbeck,North East England,8386,19267,7014,2407,,1454,,,,,,,,,,38528,Labour,Conservative,19267,8386,50,10881,28.24,60.9,43.9,56.1,12.2,Labour
Wantage,South East England,31092,9343,7288,7611,,2986,,,,,,,,,,58320,Conservative,Labour,31092,9343,53.3,21749,37.29,69.8,53.6,46.4,-7.2,Conservative
Warley,West Midlands,7310,22012,6237,805,,1465,,,,,,,,,,37829,Labour,Conservative,22012,7310,58.2,14702,38.86,59.3,38.2,61.8,23.6,Labour
Warrington North,North West England,12797,21720,7757,1881,,1264,,,,,,,,,,45419,Labour,Conservative,21720,12797,47.8,8923,19.65,62.5,41.4,58.6,17.2,Labour
Warrington South,North West England,25928,23178,4909,3335,,1765,,,,,,,,,238,59353,Conservative,Labour,25928,23178,43.7,2750,4.63,69.4,49.4,50.6,1.2,Labour
Warwick and Leamington,West Midlands,24249,17643,4183,2512,,1994,,,,,,,,,,50581,Conservative,Labour,24249,17643,47.9,6606,13.06,70.5,58.9,41.1,-17.8,Labour
Washington and Sunderland West,North East England,7033,20478,7321,993,,1091,,,,,,,,,341,37257,Labour,UKIP,20478,7321,55,13157,35.31,54.6,38.1,61.9,23.8,Labour
Watford,East of England,24400,14606,5481,10152,,1332,,,,,,,,,178,56149,Conservative,Labour,24400,14606,43.5,9794,17.44,66.6,48.9,51.1,2.2,Conservative
Waveney,East of England,22104,19696,7580,1055,,1761,,,,,,,,,,52196,Conservative,Labour,22104,19696,42.3,2408,4.61,65.1,36.8,63.2,26.4,Conservative
Wealden,South East England,32508,6165,9541,5180,,3623,,,,,,,,,,57017,Conservative,UKIP,32508,9541,57,22967,40.28,71,47.5,52.5,5,Conservative
Weaver Vale,North West England,20227,19421,4547,1395,,1183,,,,,,,,,94,46867,Conservative,Labour,20227,19421,43.2,806,1.72,68.5,49.9,50.1,0.2,Labour
Wellingborough,East Midlands,26265,9839,9868,2240,,2218,,,,,,,,,,50430,Conservative,UKIP,26265,9868,52.1,16397,32.51,65.4,37.1,62.9,25.8,Conservative
Wells,South West England,26247,3780,5644,18662,,2331,,,,,,,159,,81,56904,Conservative,Liberal Democrat,26247,18662,46.1,7585,13.33,71.7,46.6,53.4,6.8,Conservative
Welwyn Hatfield,East of England,25281,13128,6556,3140,,1742,,,,,,,,,358,50205,Conservative,Labour,25281,13128,50.4,12153,24.21,68.5,47.5,52.5,5,Conservative
Wentworth and Dearne,Yorkshire and the Humber,6441,24571,10733,1135,,,,,,,,,,,309,43189,Labour,UKIP,24571,10733,56.9,13838,32.04,58.1,31.1,68.9,37.8,Labour
West Aberdeenshire and Kincardine,Scotland,15916,2487,1006,11812,22949,885,,,,,,,141,,,55196,SNP,Conservative,22949,15916,41.58,7033,12.74,75.2,61.4,38.6,-22.8,Conservative
West Bromwich East,West Midlands,9347,18817,7949,751,,628,,,,,,,,,,37492,Labour,Conservative,18817,9347,50.2,9470,25.26,58.9,32.5,67.5,35,Labour
West Bromwich West,West Midlands,8365,16578,8836,550,,697,,,,,,,,,,35026,Labour,UKIP,16578,8836,47.3,7742,22.1,53.4,30.9,69.1,38.2,Labour
West Dorset,South West England,28329,5633,7055,12199,,3242,,,,,,,,,,56458,Conservative,Liberal Democrat,28329,12199,50.2,16130,28.57,72,49.1,50.9,1.8,Conservative
West Dunbartonshire,Scotland,3597,16027,,816,30198,,,,,,,,503,,,51141,SNP,Labour,30198,16027,59,14171,27.71,73.9,62,38,-24,SNP
West Ham,London,8146,36132,3950,1430,,2651,,,,,,,,,484,52793,Labour,Conservative,36132,8146,68.4,27986,53.01,58.2,52.7,47.3,-5.4,Labour
West Lancashire,North West England,16114,24474,6058,1298,,1582,,,,,,,,,150,49676,Labour,Conservative,24474,16114,49.3,8360,16.83,70,45.1,54.9,9.8,Labour
West Suffolk,East of England,25684,8604,10700,2465,,1779,,,,,,,,,,49232,Conservative,UKIP,25684,10700,52.2,14984,30.44,64.6,36.8,63.2,26.4,Conservative
West Tyrone,Northern Ireland,169,,,,,780,6747,,16807,6144,6444,869,166,,528,38654,Sinn Fein,Democratic Unionist,16807,6747,43.5,10060,26.03,60.5,66.8,33.2,-33.6,Sinn Fein
West Worcestershire,West Midlands,30342,7244,7764,5245,,3505,,,,,,,,,,54100,Conservative,UKIP,30342,7764,56.1,22578,41.73,73.7,47.5,52.5,5,Conservative
Westminster North,London,16527,18504,1489,1457,,1322,,,,,,,,,215,39514,Labour,Conservative,18504,16527,46.8,1977,5,63.4,67.1,32.9,-34.2,Labour
Westmorland and Lonsdale,North West England,16245,2661,3031,25194,,1798,,,,,,,,,,48929,Liberal Democrat,Conservative,25194,16245,51.5,8949,18.29,74.3,52.6,47.4,-5.2,Liberal Democrat
Weston-super-Mare,South West England,25203,9594,9366,5486,,2592,,,,,,,,,311,52552,Conservative,Labour,25203,9594,48,15609,29.7,66.1,43.4,56.6,13.2,Conservative
Wigan,North West England,9389,23625,8818,1255,,1273,,,,,,,,,933,45293,Labour,Conservative,23625,9389,52.2,14236,31.43,59.5,37.3,62.7,25.4,Labour
Wimbledon,London,25225,12606,2476,6129,,1986,,,,,,,,,,48422,Conservative,Labour,25225,12606,52.1,12619,26.06,73.5,70.6,29.4,-41.2,Conservative
Winchester,South East England,30425,4613,4122,13511,,2645,,,,,,,,,,55316,Conservative,Liberal Democrat,30425,13511,55,16914,30.58,74.6,60.3,39.7,-20.6,Conservative
Windsor,South East England,31797,6714,4992,4323,,1834,,,,,,,,,500,50160,Conservative,Labour,31797,6714,63.4,25083,50.01,72.9,54,46,-8,Conservative
Wirral South,North West England,15566,20165,3737,1474,,895,,,,,,,,,,41837,Labour,Conservative,20165,15566,48.2,4599,10.99,73.5,53.4,46.6,-6.8,Labour
Wirral West,North West England,18481,18898,2772,1433,,,,,,,,,,,274,41858,Labour,Conservative,18898,18481,45.1,417,1,75.6,55.3,44.7,-10.6,Labour
Witham,East of England,27123,7467,7569,2891,,2038,,,,,,,,,80,47168,Conservative,UKIP,27123,7569,57.5,19554,41.46,70.3,39.2,60.8,21.6,Conservative
Witney,South East England,35201,10046,5352,3953,,2970,,,,,,,106,,854,58482,Conservative,Labour,35201,10046,60.2,25155,43.01,73.3,53.7,46.3,-7.4,Conservative
Woking,South East England,29199,8389,5873,6047,,2109,,,,,,,,,347,51964,Conservative,Labour,29199,8389,56.2,20810,40.05,70,56,44,-12,Conservative
Wokingham,South East England,32329,8132,5516,7572,,2092,,,,,,,,,358,55999,Conservative,Labour,32329,8132,57.7,24197,43.21,71.9,57.6,42.4,-15.2,Conservative
Wolverhampton North East,West Midlands,10174,15669,6524,935,,701,,,,,,,,,,34003,Labour,Conservative,15669,10174,46.1,5495,16.16,55.7,32.3,67.7,35.4,Labour
Wolverhampton South East,West Midlands,7761,18539,7061,798,,605,,,,,,,,,,34764,Labour,Conservative,18539,7761,53.3,10778,31,55.6,31.8,68.2,36.4,Labour
Wolverhampton South West,West Midlands,16573,17374,4310,845,,1058,,,,,,,,,49,40209,Labour,Conservative,17374,16573,43.2,801,1.99,66.6,45.6,54.6,9,Labour
Worcester,West Midlands,22534,16888,6378,1677,,2024,,,,,,,,,222,49723,Conservative,Labour,22534,16888,45.3,5646,11.35,70,46.3,53.7,7.4,Conservative
Workington,North West England,11596,16282,7538,1708,,1149,,,,,,,,,190,38463,Labour,Conservative,16282,11596,42.3,4686,12.18,65.6,39.7,60.3,20.6,Labour
Worsley and Eccles South,North West England,12654,18600,7688,1100,,1242,,,,,,,,,764,42048,Labour,Conservative,18600,12654,44.2,5946,14.14,58.3,40.2,59.8,19.6,Labour
Worthing West,South East England,26124,7955,9269,4477,,2938,,,,,,,,,,50763,Conservative,UKIP,26124,9269,51.5,16855,33.2,67.1,43.9,56.1,12.2,Conservative
Wrexham,Wales,10350,12181,5072,1735,,669,,2501,,,,,211,,,32719,Labour,Conservative,12181,10350,37.2,1831,5.6,64.2,42.7,57.3,14.6,Labour
Wycombe,South East England,26444,11588,5198,4546,,3086,,,,,,,,,577,51439,Conservative,Labour,26444,11588,51.4,14856,28.88,67.4,52,48,-4,Conservative
Wyre and Preston North,North West England,26528,12377,6577,2712,,1699,,,,,,,,,,49893,Conservative,Labour,26528,12377,53.2,14151,28.36,70.6,46,54,8,Conservative
Wyre Forest,West Midlands,22394,9523,7967,1228,,1117,,,,,,,7211,,,49440,Conservative,Labour,22394,9523,45.3,12871,26.03,63.8,36.9,63.1,26.2,Conservative
Wythenshawe and Sale East,North West England,11124,21693,6354,1927,,1658,,,,,,,,,507,43263,Labour,Conservative,21693,11124,50.1,10569,24.43,56.9,50.2,49.8,-0.4,Labour
Yeovil,South West England,24178,4053,7646,18865,,2191,,,,,,,,,,56933,Conservative,Liberal Democrat,24178,18865,42.5,5313,9.33,69.1,40.8,59.2,18.4,Conservative
Ynys Mon,Wales,7393,10871,5121,751,,,,10642,,,,,,,148,34926,Labour,Plaid Cymru,10871,10642,31.1,229,0.66,69.9,49.1,50.9,1.8,Labour
York Central,Yorkshire and the Humber,13496,20212,4795,3804,,4791,,,,,,,,,579,47677,Labour,Conservative,20212,13496,42.4,6716,14.09,63.3,61.5,38.5,-23,Labour
York Outer,Yorkshire and the Humber,26477,13348,5251,6269,,2558,,,,,,,,,,53903,Conservative,Labour,26477,13348,49.1,13129,24.36,68.6,55.1,44.9,-10.2,Conservative
